"ACTION_IND";"ORIGINAL_ID";"CONTRACT_ID";"SANTANDER_GLCS";"BRANCH";"CPTY_GLCS";"TRADE_DATE";"MATURITY_DATE_LEG_1";"MATURITY_DATE_LEG_2";"NOMINAL1_LEG1";"NOMINAL1_LEG2";"EVENT_TYPE";"EVENT_IND";"STATUS";"UTI_1";"UTI_2";"PRIOR_UTI_1";"PRIOR_UTI_2";"PRODUCT";"RATE_LEG_1";"RATE_LEG_2";"UPI";"UPI2"
"Termination";"1051_10007_U654_SWAPONE_SWAPSWAPONEEQSWP";"1051_10007_U654_SWAPONE_SWAP";"BDSD";"LONDON BRANCH";"00YRB9";"2026-02-10";"2026-11-03";"2026-11-03";"2640000.0";"";"mxContractEventIUNWIND";"Unwind";"dead";"5493006QMFDDMYWIAM13105110007U654";"";"5493006QMFDDMYWIAM131051_10007_U973";"";"EQ SWAP";"21.12000000";"";"Equity:PortfolioSwap:PriceReturnBasicPerformance:SingleName";""
"Termination";"1044_10038_U917_SWAPONE_SWAPSWAPONEEQSWP";"1044_10038_U917_SWAPONE_SWAP";"BDSD";"LONDON BRANCH";"TZY1";"2026-01-29";"2026-08-05";"2026-08-05";"7215536.1";"";"mxContractEventIUNWIND";"Unwind";"dead";"5493006QMFDDMYWIAM13104410038U917";"";"";"";"EQ SWAP";"13.43000000";"";"Equity:PortfolioSwap:PriceReturnBasicPerformance:SingleName";""
"Termination";"1016_15308_U770_SWAPONE_SWAPSWAPONEEQSWP";"1016_15308_U770_SWAPONE_SWAP";"BDSD";"LONDON BRANCH";"FPFL12";"2025-09-09";"2026-01-20";"2026-01-20";"1590000.0";"";"mxContractEventICANCEL";"Cancel";"dead";"5493006QMFDDMYWIAM13101615308U770";"";"";"";"EQ SWAP";"15.90000000";"";"Equity:PortfolioSwap:PriceReturnBasicPerformance:SingleName";""
"Termination";"1051_10058_U610_SWAPONE_SWAPSWAPONEEQSWP";"1051_10058_U610_SWAPONE_SWAP";"BDSD";"LONDON BRANCH";"SSAL13";"2025-12-08";"2026-11-03";"2026-11-03";"5412600.0";"";"mxContractEventIUNWIND";"Unwind";"dead";"5493006QMFDDMYWIAM13105110058U610";"";"";"";"EQ SWAP";"11.16000000";"";"Equity:PortfolioSwap:PriceReturnBasicPerformance:SingleName";""
"Termination";"1051_10011_U1051_SWAPONE_SWAPSWAPONEEQSWP";"1051_10011_U1051_SWAPONE_SWAP";"BDSD";"LONDON BRANCH";"SSAL13";"2026-03-09";"2026-11-03";"2026-11-03";"916628.0042";"";"mxContractEventIUNWIND";"Unwind";"dead";"5493006QMFDDMYWIAM13105110011U1051";"";"";"";"EQ SWAP";"61.51865800";"";"Equity:PortfolioSwap:PriceReturnBasicPerformance:SingleName";""
"Termination";"1051_13301_U703_SWAPONE_SWAPSWAPONEEQSWP";"1051_13301_U703_SWAPONE_SWAP";"BDSD";"LONDON BRANCH";"SSAL13";"2025-12-29";"2026-11-03";"2026-11-03";"2926560.0";"";"mxContractEventIUNWIND";"Unwind";"dead";"5493006QMFDDMYWIAM13105113301U703";"";"";"";"EQ SWAP";"28.14000000";"";"Equity:PortfolioSwap:PriceReturnBasicPerformance:SingleName";""
"Termination";"1043_10101_U486_SWAPONE_SWAPSWAPONEEQSWP";"1043_10101_U486_SWAPONE_SWAP";"BDSD";"LONDON BRANCH";"00FLOO";"2025-09-30";"2026-07-13";"2026-07-13";"46739297.02961816";"";"mxContractEventIUNWIND";"Unwind";"dead";"5493006QMFDDMYWIAM13104310101U486";"";"";"";"EQ SWAP";"20.71593699";"";"Equity:PortfolioSwap:PriceReturnBasicPerformance:SingleName";""
"Decrease";"1058_13407_U488_SWAPONE_SWAPSWAPONEEQSWP";"1058_13407_U488_SWAPONE_SWAP";"BDSD";"LONDON BRANCH";"00FLOO";"2025-08-28";"2025-10-02";"2025-10-02";"45500.0";"";"mxContractEventIUNWIND";"Unwind";"dead";"5493006QMFDDMYWIAM13105813407U488";"";"";"";"EQ SWAP";"9.10000000";"";"Equity:PortfolioSwap:PriceReturnBasicPerformance:SingleName";""
"Termination";"1051_11415_U731_SWAPONE_SWAPSWAPONEEQSWP";"1051_11415_U731_SWAPONE_SWAP";"BDSD";"LONDON BRANCH";"SSAL13";"2025-12-30";"2026-11-03";"2026-11-03";"3798480.0";"";"mxContractEventIUNWIND";"Unwind";"dead";"5493006QMFDDMYWIAM13105111415U731";"";"";"";"EQ SWAP";"158.27000000";"";"Equity:PortfolioSwap:PriceReturnBasicPerformance:SingleName";""
"Termination";"1016_11663_U261_SWAPONE_SWAPSWAPONEEQSWP";"1016_11663_U261_SWAPONE_SWAP";"BDSD";"LONDON BRANCH";"FPFL12";"2025-04-08";"2026-01-20";"2026-01-20";"6400.0";"";"mxContractEventIUNWIND";"Unwind";"dead";"5493006QMFDDMYWIAM13101611663U261";"";"";"";"EQ SWAP";"12.80000000";"";"Equity:PortfolioSwap:PriceReturnBasicPerformance:SingleName";""
"Termination";"1044_10064_U1043_SWAPONE_SWAPSWAPONEEQSWP";"1044_10064_U1043_SWAPONE_SWAP";"BDSD";"LONDON BRANCH";"TZY1";"2026-03-05";"2026-08-05";"2026-08-05";"25040000";"";"mxContractEventIUNWIND";"Unwind";"dead";"5493006QMFDDMYWIAM13104410064U1043";"";"";"";"EQ SWAP";"25.04000000";"";"Equity:PortfolioSwap:PriceReturnBasicPerformance:SingleName";""
"Termination";"1071_10044_U1213_SWAPONE_SWAPSWAPONEEQSWP";"1071_10044_U1213_SWAPONE_SWAP";"BDSD";"LONDON BRANCH";"FFASL1";"2026-04-23";"2027-02-02";"2027-02-02";"79008.0012";"";"mxContractEventIUNWIND";"Unwind";"dead";"5493006QMFDDMYWIAM13107110044U1213";"";"";"";"EQ SWAP";"21.94666700";"";"Equity:PortfolioSwap:PriceReturnBasicPerformance:SingleName";""
"Termination";"1071_10042_U1183_SWAPONE_SWAPSWAPONEEQSWP";"1071_10042_U1183_SWAPONE_SWAP";"BDSD";"LONDON BRANCH";"FFASL1";"2026-04-15";"2027-02-02";"2027-02-02";"38184.0";"";"mxContractEventIUNWIND";"Unwind";"dead";"5493006QMFDDMYWIAM13107110042U1183";"";"";"";"EQ SWAP";"63.64000000";"";"Equity:PortfolioSwap:PriceReturnBasicPerformance:SingleName";""
"Termination";"1016_15308_U762_SWAPONE_SWAPSWAPONEEQSWP";"1016_15308_U762_SWAPONE_SWAP";"BDSD";"LONDON BRANCH";"FPFL12";"2025-09-09";"2026-01-20";"2026-01-20";"795000.0";"";"mxContractEventICANCEL";"Cancel";"dead";"5493006QMFDDMYWIAM13101615308U762";"";"";"";"EQ SWAP";"15.90000000";"";"Equity:PortfolioSwap:PriceReturnBasicPerformance:SingleName";""
"Termination";"1048_11415_U397_SWAPONE_SWAPSWAPONEEQSWP";"1048_11415_U397_SWAPONE_SWAP";"BDSD";"LONDON BRANCH";"00A20D";"2026-01-21";"2026-06-08";"2026-06-08";"12988.0";"";"mxContractEventIUNWIND";"Unwind";"dead";"5493006QMFDDMYWIAM13104811415U397";"";"";"";"EQ SWAP";"129.88000000";"";"Equity:PortfolioSwap:PriceReturnBasicPerformance:SingleName";""
"Termination";"1051_10069_U1105_SWAPONE_SWAPSWAPONEEQSWP";"1051_10069_U1105_SWAPONE_SWAP";"BDSD";"LONDON BRANCH";"SSAL13";"2026-03-31";"2026-11-03";"2026-11-03";"41199667";"";"mxContractEventIUNWIND";"Unwind";"dead";"5493006QMFDDMYWIAM13105110069U1105";"";"";"";"EQ SWAP";"82.39933400";"";"Equity:PortfolioSwap:PriceReturnBasicPerformance:SingleName";""
"Termination";"1044_13301_U448_SWAPONE_SWAPSWAPONEEQSWP";"1044_13301_U448_SWAPONE_SWAP";"BDSD";"LONDON BRANCH";"00ZICG";"2026-04-01";"2026-08-05";"2026-08-05";"13036100.33";"";"mxContractEventIUNWIND";"Unwind";"dead";"5493006QMFDDMYWIAM13104413301U448";"";"5493006QMFDDMYWIAM131044_13301_U1113";"";"EQ SWAP";"32.23000000";"";"Equity:PortfolioSwap:PriceReturnBasicPerformance:SingleName";""
"Termination";"1051_11661_U601_SWAPONE_SWAPSWAPONEEQSWP";"1051_11661_U601_SWAPONE_SWAP";"BDSD";"LONDON BRANCH";"SSAL13";"2025-12-05";"2026-11-03";"2026-11-03";"2311200.0";"";"mxContractEventIUNWIND";"Unwind";"dead";"5493006QMFDDMYWIAM13105111661U601";"";"";"";"EQ SWAP";"38.52000000";"";"Equity:PortfolioSwap:PriceReturnBasicPerformance:SingleName";""
"Termination";"1030_11488_U666_SWAPONE_SWAPSWAPONEEQSWP";"1030_11488_U666_SWAPONE_SWAP";"BDSD";"LONDON BRANCH";"FFASL1";"2025-12-22";"2026-02-03";"2026-02-03";"48745.9995";"";"mxContractEventIUNWIND";"Unwind";"dead";"5493006QMFDDMYWIAM13103011488U666";"";"";"";"EQ SWAP";"32.49733300";"";"Equity:PortfolioSwap:PriceReturnBasicPerformance:SingleName";""
"Termination";"1041_10011_U521_SWAPONE_SWAPSWAPONEEQSWP";"1041_10011_U521_SWAPONE_SWAP";"BDSD";"LONDON BRANCH";"00FLOO";"2026-01-22";"2027-01-04";"2027-01-04";"7869800.0";"";"mxContractEventIUNWIND";"Unwind";"dead";"5493006QMFDDMYWIAM13104110011U521";"";"";"";"EQ SWAP";"41.42000000";"";"Equity:PortfolioSwap:PriceReturnBasicPerformance:SingleName";""
"Termination";"1063_14901_U859_SWAPONE_SWAPSWAPONEEQSWP";"1063_14901_U859_SWAPONE_SWAP";"BDSD";"LONDON BRANCH";"00ZICD";"2026-01-20";"2026-11-13";"2026-11-13";"1784419448.2500532";"";"mxContractEventIUNWIND";"Unwind";"dead";"5493006QMFDDMYWIAM13106314901U859";"";"5493006QMFDDMYWIAM131063_14901_U856";"";"EQ SWAP";"175.43333333";"";"Equity:PortfolioSwap:PriceReturnBasicPerformance:SingleName";""
"Termination";"1051_10022_U670_SWAPONE_SWAPSWAPONEEQSWP";"1051_10022_U670_SWAPONE_SWAP";"BDSD";"LONDON BRANCH";"SSAL13";"2025-12-22";"2026-11-03";"2026-11-03";"5371860.0";"";"mxContractEventIUNWIND";"Unwind";"dead";"5493006QMFDDMYWIAM13105110022U670";"";"";"";"EQ SWAP";"46.15000000";"";"Equity:PortfolioSwap:PriceReturnBasicPerformance:SingleName";""
"Termination";"1016_15605_U436_SWAPONE_SWAPSWAPONEEQSWP";"1016_15605_U436_SWAPONE_SWAP";"BDSD";"LONDON BRANCH";"FPFL12";"2025-09-12";"2026-01-20";"2026-01-20";"0.0";"";"mxContractEventIUNWIND";"Unwind";"dead";"5493006QMFDDMYWIAM13101615605U436";"";"";"";"EQ SWAP";"0";"";"Equity:PortfolioSwap:PriceReturnBasicPerformance:SingleName";""
"Termination";"1071_10044_U1055_SWAPONE_SWAPSWAPONEEQSWP";"1071_10044_U1055_SWAPONE_SWAP";"BDSD";"LONDON BRANCH";"FFASL1";"2026-03-11";"2027-02-02";"2027-02-02";"102982.0";"";"mxContractEventIUNWIND";"Unwind";"dead";"5493006QMFDDMYWIAM13107110044U1055";"";"";"";"EQ SWAP";"23.40500000";"";"Equity:PortfolioSwap:PriceReturnBasicPerformance:SingleName";""
"Increase";"1041_11312_U1082_SWAPONE_SWAPSWAPONEEQSWP";"1041_11312_U1082_SWAPONE_SWAP";"BDSD";"LONDON BRANCH";"00FLOO";"2026-03-18";"2027-01-04";"2027-01-04";"11198847";"";"mxContractEventIRESTRUCTURE";"Restructure";"live";"5493006QMFDDMYWIAM13104111312U1082";"";"";"";"EQ SWAP";"18.66474500";"";"Equity:PortfolioSwap:PriceReturnBasicPerformance:SingleName";""
"Termination";"1044_10022_U959_SWAPONE_SWAPSWAPONEEQSWP";"1044_10022_U959_SWAPONE_SWAP";"BDSD";"LONDON BRANCH";"TZY1";"2026-02-06";"2026-08-05";"2026-08-05";"65163034.827044";"";"mxContractEventIUNWIND";"Unwind";"dead";"5493006QMFDDMYWIAM13104410022U959";"";"";"";"EQ SWAP";"50.55999400";"";"Equity:PortfolioSwap:PriceReturnBasicPerformance:SingleName";""
"Cancel";"1016_10074_U379_SWAPONE_SWAPSWAPONEEQSWP";"1016_10074_U379_SWAPONE_SWAP";"BDSD";"LONDON BRANCH";"FPFL12";"2025-06-02";"2026-01-20";"2026-01-20";"0.0";"";"Cancel";"Cancel";"dead";"5493006QMFDDMYWIAM13101610074U379";"";"";"";"EQ SWAP";"0";"";"Equity:PortfolioSwap:PriceReturnBasicPerformance:SingleName";""
"Termination";"1051_10927_U691_SWAPONE_SWAPSWAPONEEQSWP";"1051_10927_U691_SWAPONE_SWAP";"BDSD";"LONDON BRANCH";"SSAL13";"2025-12-26";"2026-11-03";"2026-11-03";"1351480.0";"";"mxContractEventIUNWIND";"Unwind";"dead";"5493006QMFDDMYWIAM13105110927U691";"";"";"";"EQ SWAP";"11.96000000";"";"Equity:PortfolioSwap:PriceReturnBasicPerformance:SingleName";""
"Termination";"1071_10042_U1196_SWAPONE_SWAPSWAPONEEQSWP";"1071_10042_U1196_SWAPONE_SWAP";"BDSD";"LONDON BRANCH";"FFASL1";"2026-04-17";"2027-02-02";"2027-02-02";"38598.0";"";"mxContractEventIUNWIND";"Unwind";"dead";"5493006QMFDDMYWIAM13107110042U1196";"";"";"";"EQ SWAP";"64.33000000";"";"Equity:PortfolioSwap:PriceReturnBasicPerformance:SingleName";""
"Termination";"1044_11530_U1126_SWAPONE_SWAPSWAPONEEQSWP";"1044_11530_U1126_SWAPONE_SWAP";"BDSD";"LONDON BRANCH";"TZY1";"2026-04-07";"2026-08-05";"2026-08-05";"16560800";"";"mxContractEventIUNWIND";"Unwind";"dead";"5493006QMFDDMYWIAM13104411530U1126";"";"";"";"EQ SWAP";"13.04000000";"";"Equity:PortfolioSwap:PriceReturnBasicPerformance:SingleName";""
"Termination";"1043_11687_U482_SWAPONE_SWAPSWAPONEEQSWP";"1043_11687_U482_SWAPONE_SWAP";"BDSD";"LONDON BRANCH";"00FLOO";"2025-09-30";"2026-07-13";"2026-07-13";"29239346";"";"mxContractEventIUNWIND";"Unwind";"dead";"5493006QMFDDMYWIAM13104311687U482";"";"";"";"EQ SWAP";"9.29000000";"";"Equity:PortfolioSwap:PriceReturnBasicPerformance:SingleName";""
"Termination";"1063_14925_U1143_SWAPONE_SWAPSWAPONEEQSWP";"1063_14925_U1143_SWAPONE_SWAP";"BDSD";"LONDON BRANCH";"TZY1";"2026-04-09";"2026-11-13";"2026-11-13";"16956250000";"";"mxContractEventIUNWIND";"Unwind";"dead";"5493006QMFDDMYWIAM13106314925U1143";"";"";"";"EQ SWAP";"135.65000000";"";"Equity:PortfolioSwap:PriceReturnBasicPerformance:SingleName";""
"Termination";"1043_10049_U487_SWAPONE_SWAPSWAPONEEQSWP";"1043_10049_U487_SWAPONE_SWAP";"BDSD";"LONDON BRANCH";"00FLOO";"2025-09-30";"2026-07-13";"2026-07-13";"12150000";"";"mxContractEventIUNWIND";"Unwind";"dead";"5493006QMFDDMYWIAM13104310049U487";"";"";"";"EQ SWAP";"24.30000000";"";"Equity:PortfolioSwap:PriceReturnBasicPerformance:SingleName";""
"Amendment";"1030_15703_U503_SWAPONE_SWAPSWAPONEEQSWP";"1030_15703_U503_SWAPONE_SWAP";"BDSD";"LONDON BRANCH";"00Y7RD";"2025-09-23";"2026-02-03";"2026-02-03";"494208.0";"";"mxContractEventIRESTRUCTURE";"Restructure";"dead";"5493006QMFDDMYWIAM13103015703U503";"";"";"";"EQ SWAP";"21.12000000";"";"Equity:PortfolioSwap:PriceReturnBasicPerformance:SingleName";""
"Termination";"1051_10865_U603_SWAPONE_SWAPSWAPONEEQSWP";"1051_10865_U603_SWAPONE_SWAP";"BDSD";"LONDON BRANCH";"SSAL13";"2025-12-05";"2026-11-03";"2026-11-03";"3211780.0";"";"mxContractEventIUNWIND";"Unwind";"dead";"5493006QMFDDMYWIAM13105110865U603";"";"";"";"EQ SWAP";"11.23000000";"";"Equity:PortfolioSwap:PriceReturnBasicPerformance:SingleName";""
"Termination";"1041_10006_U337_SWAPONE_SWAPSWAPONEEQSWP";"1041_10006_U337_SWAPONE_SWAP";"BDSD";"LONDON BRANCH";"00FLOO";"2025-08-29";"2026-01-01";"2026-01-01";"5851729.05755126";"";"mxContractEventIUNWIND";"Unwind";"dead";"5493006QMFDDMYWIAM13104110006U337";"";"";"";"EQ SWAP";"5.67963608";"";"Equity:PortfolioSwap:PriceReturnBasicPerformance:SingleName";""
"Termination";"1070_17501_U1041_SWAPONE_SWAPSWAPONEEQSWP";"1070_17501_U1041_SWAPONE_SWAP";"BDSD";"LONDON BRANCH";"FPFL12";"2026-04-09";"2027-02-02";"2027-02-02";"1125000.0";"";"mxContractEventIUNWIND";"Unwind";"dead";"5493006QMFDDMYWIAM13107017501U1041";"";"";"";"EQ SWAP";"11.25000000";"";"Equity:PortfolioSwap:PriceReturnBasicPerformance:SingleName";""
"Termination";"1051_11032_U1027_SWAPONE_SWAPSWAPONEEQSWP";"1051_11032_U1027_SWAPONE_SWAP";"BDSD";"LONDON BRANCH";"SSAL13";"2026-02-27";"2026-11-03";"2026-11-03";"297300000";"";"mxContractEventIUNWIND";"Unwind";"dead";"5493006QMFDDMYWIAM13105111032U1027";"";"";"";"EQ SWAP";"148.65000000";"";"Equity:PortfolioSwap:PriceReturnBasicPerformance:SingleName";""
"Termination";"1051_11183_U1102_SWAPONE_SWAPSWAPONEEQSWP";"1051_11183_U1102_SWAPONE_SWAP";"BDSD";"LONDON BRANCH";"SSAL13";"2026-03-30";"2026-11-03";"2026-11-03";"162994.9959";"";"mxContractEventIUNWIND";"Unwind";"dead";"5493006QMFDDMYWIAM13105111183U1102";"";"";"";"EQ SWAP";"12.63527100";"";"Equity:PortfolioSwap:PriceReturnBasicPerformance:SingleName";""
"Termination";"1051_16607_U1001_SWAPONE_SWAPSWAPONEEQSWP";"1051_16607_U1001_SWAPONE_SWAP";"BDSD";"LONDON BRANCH";"SSAL13";"2026-02-20";"2026-11-03";"2026-11-03";"110170000";"";"mxContractEventIUNWIND";"Unwind";"dead";"5493006QMFDDMYWIAM13105116607U1001";"";"";"";"EQ SWAP";"110.17000000";"";"Equity:PortfolioSwap:PriceReturnBasicPerformance:SingleName";""
"Termination";"1016_11312_U425_SWAPONE_SWAPSWAPONEEQSWP";"1016_11312_U425_SWAPONE_SWAP";"BDSD";"LONDON BRANCH";"FPFL12";"2025-10-09";"2026-01-20";"2026-01-20";"96048.0";"";"mxContractEventIUNWIND";"Unwind";"dead";"5493006QMFDDMYWIAM13101611312U425";"";"";"";"EQ SWAP";"26.68000000";"";"Equity:PortfolioSwap:PriceReturnBasicPerformance:SingleName";""
"Termination";"1016_10038_U407_SWAPONE_SWAPSWAPONEEQSWP";"1016_10038_U407_SWAPONE_SWAP";"BDSD";"LONDON BRANCH";"FPFL12";"2026-01-13";"2026-01-20";"2026-01-20";"866124.0";"";"mxContractEventIUNWIND";"Unwind";"dead";"5493006QMFDDMYWIAM13101610038U407";"";"";"";"EQ SWAP";"14.73000000";"";"Equity:PortfolioSwap:PriceReturnBasicPerformance:SingleName";""
"Termination";"1041_11488_U249_SWAPONE_SWAPSWAPONEEQSWP";"1041_11488_U249_SWAPONE_SWAP";"BDSD";"LONDON BRANCH";"00FLOO";"2025-03-17";"2026-01-01";"2026-01-01";"1637760.0";"";"mxContractEventIUNWIND";"Unwind";"dead";"5493006QMFDDMYWIAM13104111488U249";"";"";"";"EQ SWAP";"17.06000000";"";"Equity:PortfolioSwap:PriceReturnBasicPerformance:SingleName";""
"Termination";"1030_15308_U368_SWAPONE_SWAPSWAPONEEQSWP";"1030_15308_U368_SWAPONE_SWAP";"BDSD";"LONDON BRANCH";"FFASL1";"2025-05-20";"2026-02-03";"2026-02-03";"77932.9992";"";"mxContractEventIUNWIND";"Unwind";"dead";"5493006QMFDDMYWIAM13103015308U368";"";"";"";"EQ SWAP";"13.43672400";"";"Equity:PortfolioSwap:PriceReturnBasicPerformance:SingleName";""
"Termination";"1051_15703_U712_SWAPONE_SWAPSWAPONEEQSWP";"1051_15703_U712_SWAPONE_SWAP";"BDSD";"LONDON BRANCH";"SSAL13";"2025-12-29";"2026-11-03";"2026-11-03";"2509920.0";"";"mxContractEventIUNWIND";"Unwind";"dead";"5493006QMFDDMYWIAM13105115703U712";"";"";"";"EQ SWAP";"19.92000000";"";"Equity:PortfolioSwap:PriceReturnBasicPerformance:SingleName";""
"Termination";"1016_11308_U343_SWAPONE_SWAPSWAPONEEQSWP";"1016_11308_U343_SWAPONE_SWAP";"BDSD";"LONDON BRANCH";"FPFL12";"2025-05-05";"2026-01-20";"2026-01-20";"14888.0";"";"mxContractEventIUNWIND";"Unwind";"dead";"5493006QMFDDMYWIAM13101611308U343";"";"";"";"EQ SWAP";"29.77600000";"";"Equity:PortfolioSwap:PriceReturnBasicPerformance:SingleName";""
"Termination";"1071_10303_U1199_SWAPONE_SWAPSWAPONEEQSWP";"1071_10303_U1199_SWAPONE_SWAP";"BDSD";"LONDON BRANCH";"FFASL1";"2026-04-17";"2027-02-02";"2027-02-02";"7350.0";"";"mxContractEventIUNWIND";"Unwind";"dead";"5493006QMFDDMYWIAM13107110303U1199";"";"";"";"EQ SWAP";"24.50000000";"";"Equity:PortfolioSwap:PriceReturnBasicPerformance:SingleName";""
"Termination";"1044_13301_U445_SWAPONE_SWAPSWAPONEEQSWP";"1044_13301_U445_SWAPONE_SWAP";"BDSD";"LONDON BRANCH";"00ZICB";"2025-12-15";"2026-08-05";"2026-08-05";"2215000.0";"";"mxContractEventIUNWIND";"Unwind";"dead";"5493006QMFDDMYWIAM13104413301U445";"";"5493006QMFDDMYWIAM131044_13301_U644";"";"EQ SWAP";"22.15000000";"";"Equity:PortfolioSwap:PriceReturnBasicPerformance:SingleName";""
"Termination";"1051_13501_U1073_SWAPONE_SWAPSWAPONEEQSWP";"1051_13501_U1073_SWAPONE_SWAP";"BDSD";"LONDON BRANCH";"SSAL13";"2026-03-16";"2026-11-03";"2026-11-03";"2892000.0";"";"mxContractEventIUNWIND";"Unwind";"dead";"5493006QMFDDMYWIAM13105113501U1073";"";"";"";"EQ SWAP";"14.46000000";"";"Equity:PortfolioSwap:PriceReturnBasicPerformance:SingleName";""
"Allocation";"1063_14906_U1157_SWAPONE_SWAPSWAPONEEQSWP";"1063_14906_U1157_SWAPONE_SWAP";"BDSD";"LONDON BRANCH";"00ZICB";"2026-04-10";"2026-11-13";"2026-11-13";"151119935.601344";"";"Insert";"Insert";"live";"5493006QMFDDMYWIAM13106314906U1157";"";"5493006QMFDDMYWIAM131063_14906_U1154";"";"EQ SWAP";"352.71147200";"";"Equity:PortfolioSwap:PriceReturnBasicPerformance:SingleName";""
"Termination";"1051_10042_U808_SWAPONE_SWAPSWAPONEEQSWP";"1051_10042_U808_SWAPONE_SWAP";"BDSD";"LONDON BRANCH";"SSAL13";"2026-01-08";"2026-11-03";"2026-11-03";"32544.0";"";"mxContractEventIUNWIND";"Unwind";"dead";"5493006QMFDDMYWIAM13105110042U808";"";"";"";"EQ SWAP";"54.24000000";"";"Equity:PortfolioSwap:PriceReturnBasicPerformance:SingleName";""
"Termination";"1051_16607_U832_SWAPONE_SWAPSWAPONEEQSWP";"1051_16607_U832_SWAPONE_SWAP";"BDSD";"LONDON BRANCH";"00YRB9";"2026-01-12";"2026-11-03";"2026-11-03";"108560000";"";"mxContractEventIUNWIND";"Unwind";"dead";"5493006QMFDDMYWIAM13105116607U832";"";"5493006QMFDDMYWIAM131051_16607_U831";"";"EQ SWAP";"108.56000000";"";"Equity:PortfolioSwap:PriceReturnBasicPerformance:SingleName";""
"Termination";"1071_10303_U1217_SWAPONE_SWAPSWAPONEEQSWP";"1071_10303_U1217_SWAPONE_SWAP";"BDSD";"LONDON BRANCH";"FFASL1";"2026-04-23";"2027-02-02";"2027-02-02";"2301.0";"";"mxContractEventIUNWIND";"Unwind";"dead";"5493006QMFDDMYWIAM13107110303U1217";"";"";"";"EQ SWAP";"23.01000000";"";"Equity:PortfolioSwap:PriceReturnBasicPerformance:SingleName";""
"Termination";"1051_11183_U1100_SWAPONE_SWAPSWAPONEEQSWP";"1051_11183_U1100_SWAPONE_SWAP";"BDSD";"LONDON BRANCH";"SSAL13";"2026-03-25";"2026-11-03";"2026-11-03";"328892.9931";"";"mxContractEventIUNWIND";"Unwind";"dead";"5493006QMFDDMYWIAM13105111183U1100";"";"";"";"EQ SWAP";"12.50543700";"";"Equity:PortfolioSwap:PriceReturnBasicPerformance:SingleName";""
"Decrease";"1063_14918_U872_SWAPONE_SWAPSWAPONEEQSWP";"1063_14918_U872_SWAPONE_SWAP";"BDSD";"LONDON BRANCH";"TZY1";"2026-01-22";"2026-11-13";"2026-11-13";"151697328.645066";"";"mxContractEventIUNWIND";"Unwind";"dead";"5493006QMFDDMYWIAM13106314918U872";"";"";"";"EQ SWAP";"85.00254600";"";"Equity:PortfolioSwap:PriceReturnBasicPerformance:SingleName";""
"Termination";"1044_10075_U1101_SWAPONE_SWAPSWAPONEEQSWP";"1044_10075_U1101_SWAPONE_SWAP";"BDSD";"LONDON BRANCH";"TZY1";"2026-03-30";"2026-08-05";"2026-08-05";"952000.0";"";"mxContractEventIUNWIND";"Unwind";"dead";"5493006QMFDDMYWIAM13104410075U1101";"";"";"";"EQ SWAP";"56.00000000";"";"Equity:PortfolioSwap:PriceReturnBasicPerformance:SingleName";""
"Decrease";"1071_10308_U933_SWAPONE_SWAPSWAPONEEQSWP";"1071_10308_U933_SWAPONE_SWAP";"BDSD";"LONDON BRANCH";"00Y7RD";"2026-04-23";"2027-02-02";"2027-02-02";"175532.88";"";"mxContractEventIRESTRUCTURE";"Restructure";"live";"5493006QMFDDMYWIAM13107110308U933";"";"5493006QMFDDMYWIAM131071_10308_U1215";"";"EQ SWAP";"13.98000000";"";"Equity:PortfolioSwap:PriceReturnBasicPerformance:SingleName";""
"Decrease";"1059_10027_U507_SWAPONE_SWAPSWAPONEEQSWP";"1059_10027_U507_SWAPONE_SWAP";"BDSD";"LONDON BRANCH";"00A20D";"2025-09-25";"2026-09-28";"2026-09-28";"17605.0";"";"mxContractEventIUNWIND";"Unwind";"dead";"5493006QMFDDMYWIAM13105910027U507";"";"";"";"EQ SWAP";"35.21000000";"";"Equity:PortfolioSwap:PriceReturnBasicPerformance:SingleName";""
"Termination";"1059_10081_U506_SWAPONE_SWAPSWAPONEEQSWP";"1059_10081_U506_SWAPONE_SWAP";"BDSD";"LONDON BRANCH";"00A20D";"2025-09-25";"2026-09-28";"2026-09-28";"16160.0";"";"mxContractEventIUNWIND";"Unwind";"dead";"5493006QMFDDMYWIAM13105910081U506";"";"";"";"EQ SWAP";"32.32000000";"";"Equity:PortfolioSwap:PriceReturnBasicPerformance:SingleName";""
"Termination";"1030_10055_U283_SWAPONE_SWAPSWAPONEEQSWP";"1030_10055_U283_SWAPONE_SWAP";"BDSD";"LONDON BRANCH";"00Y7RD";"2026-01-30";"2026-02-03";"2026-02-03";"341984.00000034";"";"mxContractEventIUNWIND";"Unwind";"dead";"5493006QMFDDMYWIAM13103010055U283";"";"";"";"EQ SWAP";"46.21405405";"";"Equity:PortfolioSwap:PriceReturnBasicPerformance:SingleName";""
"Termination";"1016_11312_U331_SWAPONE_SWAPSWAPONEEQSWP";"1016_11312_U331_SWAPONE_SWAP";"BDSD";"LONDON BRANCH";"FPFL12";"2025-05-02";"2026-01-20";"2026-01-20";"1664214.9999975";"";"mxContractEventIUNWIND";"Unwind";"dead";"5493006QMFDDMYWIAM13101611312U331";"";"";"";"EQ SWAP";"22.18953333";"";"Equity:PortfolioSwap:PriceReturnBasicPerformance:SingleName";""
"Termination";"1041_13407_U474_SWAPONE_SWAPSWAPONEEQSWP";"1041_13407_U474_SWAPONE_SWAP";"BDSD";"LONDON BRANCH";"00FLOO";"2025-08-29";"2026-01-01";"2026-01-01";"51750.0";"";"mxContractEventIUNWIND";"Unwind";"dead";"5493006QMFDDMYWIAM13104113407U474";"";"";"";"EQ SWAP";"10.35000000";"";"Equity:PortfolioSwap:PriceReturnBasicPerformance:SingleName";""
"Termination";"1051_16503_U946_SWAPONE_SWAPSWAPONEEQSWP";"1051_16503_U946_SWAPONE_SWAP";"BDSD";"LONDON BRANCH";"00YRB9";"2026-04-13";"2026-11-03";"2026-11-03";"4603384.99999972";"";"mxContractEventIUNWIND";"Unwind";"dead";"5493006QMFDDMYWIAM13105116503U946";"";"5493006QMFDDMYWIAM131051_16503_U1171";"";"EQ SWAP";"28.08654667";"";"Equity:PortfolioSwap:PriceReturnBasicPerformance:SingleName";""
"Termination";"1044_10064_U490_SWAPONE_SWAPSWAPONEEQSWP";"1044_10064_U490_SWAPONE_SWAP";"BDSD";"LONDON BRANCH";"TZY1";"2025-09-02";"2026-08-05";"2026-08-05";"16895000";"";"mxContractEventIUNWIND";"Unwind";"dead";"5493006QMFDDMYWIAM13104410064U490";"";"";"";"EQ SWAP";"33.79000000";"";"Equity:PortfolioSwap:PriceReturnBasicPerformance:SingleName";""
"Termination";"1016_15308_U813_SWAPONE_SWAPSWAPONEEQSWP";"1016_15308_U813_SWAPONE_SWAP";"BDSD";"LONDON BRANCH";"FPFL12";"2025-09-09";"2026-01-20";"2026-01-20";"1192500.0";"";"mxContractEventIUNWIND";"Unwind";"dead";"5493006QMFDDMYWIAM13101615308U813";"";"";"";"EQ SWAP";"15.90000000";"";"Equity:PortfolioSwap:PriceReturnBasicPerformance:SingleName";""
"Termination";"1051_10305_U945_SWAPONE_SWAPSWAPONEEQSWP";"1051_10305_U945_SWAPONE_SWAP";"BDSD";"LONDON BRANCH";"00YRB9";"2026-04-13";"2026-11-03";"2026-11-03";"4863268.99999479";"";"mxContractEventIUNWIND";"Unwind";"dead";"5493006QMFDDMYWIAM13105110305U945";"";"5493006QMFDDMYWIAM131051_10305_U1172";"";"EQ SWAP";"29.67217206";"";"Equity:PortfolioSwap:PriceReturnBasicPerformance:SingleName";""
"Termination";"1051_10307_U693_SWAPONE_SWAPSWAPONEEQSWP";"1051_10307_U693_SWAPONE_SWAP";"BDSD";"LONDON BRANCH";"0087I1";"2026-01-02";"2026-11-03";"2026-11-03";"6364240.0000058";"";"mxContractEventIUNWIND";"Unwind";"dead";"5493006QMFDDMYWIAM13105110307U693";"";"5493006QMFDDMYWIAM131051_10307_U797";"";"EQ SWAP";"9.01450425";"";"Equity:PortfolioSwap:PriceReturnBasicPerformance:SingleName";""
"Termination";"1044_10061_U460_SWAPONE_SWAPSWAPONEEQSWP";"1044_10061_U460_SWAPONE_SWAP";"BDSD";"LONDON BRANCH";"TZY1";"2025-08-20";"2026-08-05";"2026-08-05";"16620000";"";"mxContractEventIUNWIND";"Unwind";"dead";"5493006QMFDDMYWIAM13104410061U460";"";"";"";"EQ SWAP";"33.24000000";"";"Equity:PortfolioSwap:PriceReturnBasicPerformance:SingleName";""
"Termination";"1041_10068_U251_SWAPONE_SWAPSWAPONEEQSWP";"1041_10068_U251_SWAPONE_SWAP";"BDSD";"LONDON BRANCH";"00FLOO";"2025-08-29";"2027-01-04";"2027-01-04";"16285105";"";"mxContractEventIUNWIND";"Unwind";"dead";"5493006QMFDDMYWIAM13104110068U251";"";"";"";"EQ SWAP";"61.85000000";"";"Equity:PortfolioSwap:PriceReturnBasicPerformance:SingleName";""
"Termination";"1043_10056_U501_SWAPONE_SWAPSWAPONEEQSWP";"1043_10056_U501_SWAPONE_SWAP";"BDSD";"LONDON BRANCH";"00FLOO";"2025-09-30";"2026-07-13";"2026-07-13";"22176697.395";"";"mxContractEventIUNWIND";"Unwind";"dead";"5493006QMFDDMYWIAM13104310056U501";"";"";"";"EQ SWAP";"10.01205300";"";"Equity:PortfolioSwap:PriceReturnBasicPerformance:SingleName";""
"Termination";"1071_10042_U1031_SWAPONE_SWAPSWAPONEEQSWP";"1071_10042_U1031_SWAPONE_SWAP";"BDSD";"LONDON BRANCH";"FFASL1";"2026-03-03";"2027-02-02";"2027-02-02";"107369.0";"";"mxContractEventIUNWIND";"Unwind";"dead";"5493006QMFDDMYWIAM13107110042U1031";"";"";"";"EQ SWAP";"56.51000000";"";"Equity:PortfolioSwap:PriceReturnBasicPerformance:SingleName";""
"Termination";"1051_10052_U667_SWAPONE_SWAPSWAPONEEQSWP";"1051_10052_U667_SWAPONE_SWAP";"BDSD";"LONDON BRANCH";"SSAL13";"2025-12-22";"2026-11-03";"2026-11-03";"2666097.0";"";"mxContractEventIUNWIND";"Unwind";"dead";"5493006QMFDDMYWIAM13105110052U667";"";"";"";"EQ SWAP";"37.71000000";"";"Equity:PortfolioSwap:PriceReturnBasicPerformance:SingleName";""
"Termination";"1063_14925_U1141_SWAPONE_SWAPSWAPONEEQSWP";"1063_14925_U1141_SWAPONE_SWAP";"BDSD";"LONDON BRANCH";"TZY1";"2026-04-09";"2026-11-13";"2026-11-13";"16956250000";"";"mxContractEventIUNWIND";"Unwind";"dead";"5493006QMFDDMYWIAM13106314925U1141";"";"";"";"EQ SWAP";"135.65000000";"";"Equity:PortfolioSwap:PriceReturnBasicPerformance:SingleName";""
"Termination";"1070_10816_U950_SWAPONE_SWAPSWAPONEEQSWP";"1070_10816_U950_SWAPONE_SWAP";"BDSD";"LONDON BRANCH";"FPFL12";"2026-02-11";"2027-02-02";"2027-02-02";"3058707.625";"";"mxContractEventIUNWIND";"Unwind";"dead";"5493006QMFDDMYWIAM13107010816U950";"";"";"";"EQ SWAP";"122.34830500";"";"Equity:PortfolioSwap:PriceReturnBasicPerformance:SingleName";""
"Termination";"1016_11184_U326_SWAPONE_SWAPSWAPONEEQSWP";"1016_11184_U326_SWAPONE_SWAP";"BDSD";"LONDON BRANCH";"FPFL12";"2025-04-03";"2026-01-20";"2026-01-20";"101205.0";"";"mxContractEventIUNWIND";"Unwind";"dead";"5493006QMFDDMYWIAM13101611184U326";"";"";"";"EQ SWAP";"5.85000000";"";"Equity:PortfolioSwap:PriceReturnBasicPerformance:SingleName";""
"Increase";"1051_10765_U1135_SWAPONE_SWAPSWAPONEEQSWP";"1051_10765_U1135_SWAPONE_SWAP";"BDSD";"LONDON BRANCH";"00YRB9";"2026-04-10";"2026-11-03";"2026-11-03";"1537937.9";"";"mxContractEventIRESTRUCTURE";"Restructure";"live";"5493006QMFDDMYWIAM13105110765U1135";"";"5493006QMFDDMYWIAM131051_10765_U1148";"";"EQ SWAP";"3.84484475";"";"Equity:PortfolioSwap:PriceReturnBasicPerformance:SingleName";""
"Termination";"1039_10069_U435_SWAPONE_SWAPSWAPONEEQSWP";"1039_10069_U435_SWAPONE_SWAP";"BDSD";"LONDON BRANCH";"00VCOU";"2025-07-22";"2025-11-26";"2025-11-26";"2880000.0";"";"mxContractEventIUNWIND";"Unwind";"dead";"5493006QMFDDMYWIAM13103910069U435";"";"";"";"EQ SWAP";"57.60000000";"";"Equity:PortfolioSwap:PriceReturnBasicPerformance:SingleName";""
"Termination";"1041_10024_U256_SWAPONE_SWAPSWAPONEEQSWP";"1041_10024_U256_SWAPONE_SWAP";"BDSD";"LONDON BRANCH";"00FLOO";"2025-08-29";"2026-01-01";"2026-01-01";"28643588";"";"mxContractEventIUNWIND";"Unwind";"dead";"5493006QMFDDMYWIAM13104110024U256";"";"";"";"EQ SWAP";"40.52000000";"";"Equity:PortfolioSwap:PriceReturnBasicPerformance:SingleName";""
"Termination";"1016_10021_U385_SWAPONE_SWAPSWAPONEEQSWP";"1016_10021_U385_SWAPONE_SWAP";"BDSD";"LONDON BRANCH";"FPFL12";"2025-06-02";"2026-01-20";"2026-01-20";"677997.25";"";"mxContractEventIUNWIND";"Unwind";"dead";"5493006QMFDDMYWIAM13101610021U385";"";"";"";"EQ SWAP";"13.55994500";"";"Equity:PortfolioSwap:PriceReturnBasicPerformance:SingleName";""
"Termination";"1051_10081_U1046_SWAPONE_SWAPSWAPONEEQSWP";"1051_10081_U1046_SWAPONE_SWAP";"BDSD";"LONDON BRANCH";"SSAL13";"2026-03-06";"2026-11-03";"2026-11-03";"5314241.4536";"";"mxContractEventICANCEL";"Cancel";"dead";"5493006QMFDDMYWIAM13105110081U1046";"";"";"";"EQ SWAP";"42.44601800";"";"Equity:PortfolioSwap:PriceReturnBasicPerformance:SingleName";""
"Termination";"1044_10068_U439_SWAPONE_SWAPSWAPONEEQSWP";"1044_10068_U439_SWAPONE_SWAP";"BDSD";"LONDON BRANCH";"00ZICB";"2026-04-08";"2026-08-05";"2026-08-05";"4139200.0";"";"mxContractEventIUNWIND";"Unwind";"dead";"5493006QMFDDMYWIAM13104410068U439";"";"5493006QMFDDMYWIAM131044_10068_U1131";"";"EQ SWAP";"51.74000000";"";"Equity:PortfolioSwap:PriceReturnBasicPerformance:SingleName";""
"Termination";"1051_10015_U574_SWAPONE_SWAPSWAPONEEQSWP";"1051_10015_U574_SWAPONE_SWAP";"BDSD";"LONDON BRANCH";"SSAL13";"2025-11-11";"2026-11-03";"2026-11-03";"40.97";"";"mxContractEventIUNWIND";"Unwind";"dead";"5493006QMFDDMYWIAM13105110015U574";"";"";"";"EQ SWAP";"40.97000000";"";"Equity:PortfolioSwap:PriceReturnBasicPerformance:SingleName";""
"Termination";"1016_10075_U338_SWAPONE_SWAPSWAPONEEQSWP";"1016_10075_U338_SWAPONE_SWAP";"BDSD";"LONDON BRANCH";"FPFL12";"2025-04-30";"2026-01-20";"2026-01-20";"2099057.0";"";"mxContractEventIUNWIND";"Unwind";"dead";"5493006QMFDDMYWIAM13101610075U338";"";"";"";"EQ SWAP";"41.98114000";"";"Equity:PortfolioSwap:PriceReturnBasicPerformance:SingleName";""
"Termination";"1043_13301_U476_SWAPONE_SWAPSWAPONEEQSWP";"1043_13301_U476_SWAPONE_SWAP";"BDSD";"LONDON BRANCH";"00FLOO";"2025-09-30";"2026-07-13";"2026-07-13";"11969346";"";"mxContractEventIUNWIND";"Unwind";"dead";"5493006QMFDDMYWIAM13104313301U476";"";"";"";"EQ SWAP";"23.91000000";"";"Equity:PortfolioSwap:PriceReturnBasicPerformance:SingleName";""
"Termination";"1051_16503_U1074_SWAPONE_SWAPSWAPONEEQSWP";"1051_16503_U1074_SWAPONE_SWAP";"BDSD";"LONDON BRANCH";"SSAL13";"2026-03-16";"2026-11-03";"2026-11-03";"509200.0";"";"mxContractEventIUNWIND";"Unwind";"dead";"5493006QMFDDMYWIAM13105116503U1074";"";"";"";"EQ SWAP";"25.46000000";"";"Equity:PortfolioSwap:PriceReturnBasicPerformance:SingleName";""
"Cancel";"1016_15308_U749_SWAPONE_SWAPSWAPONEEQSWP";"1016_15308_U749_SWAPONE_SWAP";"BDSD";"LONDON BRANCH";"FPFL12";"2025-09-09";"2026-01-20";"2026-01-20";"3180000.0";"";"mxContractEventIRESTRUCTURE";"Cancel";"dead";"5493006QMFDDMYWIAM13101615308U749";"";"";"";"EQ SWAP";"15.90000000";"";"Equity:PortfolioSwap:PriceReturnBasicPerformance:SingleName";""
"Increase";"1063_14925_U581_SWAPONE_SWAPSWAPONEEQSWP";"1063_14925_U581_SWAPONE_SWAP";"BDSD";"LONDON BRANCH";"007Y6R";"2026-04-09";"2026-11-13";"2026-11-13";"369017593.5901155";"";"mxContractEventIRESTRUCTURE";"Restructure";"live";"5493006QMFDDMYWIAM13106314925U581";"";"5493006QMFDDMYWIAM131063_14925_U1143";"";"EQ SWAP";"135.40081633";"";"Equity:PortfolioSwap:PriceReturnBasicPerformance:SingleName";""
"Termination";"1070_10816_U1060_SWAPONE_SWAPSWAPONEEQSWP";"1070_10816_U1060_SWAPONE_SWAP";"BDSD";"LONDON BRANCH";"FPFL12";"2026-04-17";"2027-02-02";"2027-02-02";"109560.0";"";"mxContractEventIUNWIND";"Unwind";"dead";"5493006QMFDDMYWIAM13107010816U1060";"";"";"";"EQ SWAP";"120.00000000";"";"Equity:PortfolioSwap:PriceReturnBasicPerformance:SingleName";""
"Termination";"1071_10055_U1150_SWAPONE_SWAPSWAPONEEQSWP";"1071_10055_U1150_SWAPONE_SWAP";"BDSD";"LONDON BRANCH";"FFASL1";"2026-04-10";"2027-02-02";"2027-02-02";"49518.0";"";"mxContractEventIUNWIND";"Unwind";"dead";"5493006QMFDDMYWIAM13107110055U1150";"";"";"";"EQ SWAP";"41.26500000";"";"Equity:PortfolioSwap:PriceReturnBasicPerformance:SingleName";""
"Termination";"1016_13402_U430_SWAPONE_SWAPSWAPONEEQSWP";"1016_13402_U430_SWAPONE_SWAP";"BDSD";"LONDON BRANCH";"FPFL12";"2025-11-17";"2026-01-20";"2026-01-20";"22950.0";"";"mxContractEventIUNWIND";"Unwind";"dead";"5493006QMFDDMYWIAM13101613402U430";"";"";"";"EQ SWAP";"22.95000000";"";"Equity:PortfolioSwap:PriceReturnBasicPerformance:SingleName";""
"Termination";"1051_10865_U809_SWAPONE_SWAPSWAPONEEQSWP";"1051_10865_U809_SWAPONE_SWAP";"BDSD";"LONDON BRANCH";"SSAL13";"2026-01-08";"2026-11-03";"2026-11-03";"33698.0";"";"mxContractEventIUNWIND";"Unwind";"dead";"5493006QMFDDMYWIAM13105110865U809";"";"";"";"EQ SWAP";"11.62000000";"";"Equity:PortfolioSwap:PriceReturnBasicPerformance:SingleName";""
"Termination";"1030_10044_U346_SWAPONE_SWAPSWAPONEEQSWP";"1030_10044_U346_SWAPONE_SWAP";"BDSD";"LONDON BRANCH";"00Y7RD";"2026-01-30";"2026-02-03";"2026-02-03";"158466.0000001716";"";"mxContractEventIUNWIND";"Unwind";"dead";"5493006QMFDDMYWIAM13103010044U346";"";"";"";"EQ SWAP";"23.53921569";"";"Equity:PortfolioSwap:PriceReturnBasicPerformance:SingleName";""
"Amendment";"1041_11687_U897_SWAPONE_SWAPSWAPONEEQSWP";"1041_11687_U897_SWAPONE_SWAP";"BDSD";"LONDON BRANCH";"00FLOO";"2026-03-25";"2027-01-04";"2027-01-04";"8596441.8";"";"mxContractEventIRESTRUCTURE";"Restructure";"live";"5493006QMFDDMYWIAM13104111687U897";"";"";"";"EQ SWAP";"5.97000000";"";"Equity:PortfolioSwap:PriceReturnBasicPerformance:SingleName";""
"Termination";"1054_13404_U434_SWAPONE_SWAPSWAPONEEQSWP";"1054_13404_U434_SWAPONE_SWAP";"BDSD";"LONDON BRANCH";"00X7TJ";"2025-12-29";"2026-07-21";"2026-07-21";"1796158.0";"";"mxContractEventIUNWIND";"Unwind";"dead";"5493006QMFDDMYWIAM13105413404U434";"";"";"";"EQ SWAP";"9.73000000";"";"Equity:PortfolioSwap:PriceReturnBasicPerformance:SingleName";""
"Termination";"1073_10055_U1011_SWAPONE_SWAPSWAPONEEQSWP";"1073_10055_U1011_SWAPONE_SWAP";"BDSD";"LONDON BRANCH";"SSAL13";"2026-02-21";"2027-02-23";"2027-02-23";"2221676.0";"";"mxContractEventIUNWIND";"Unwind";"dead";"5493006QMFDDMYWIAM13107310055U1011";"";"";"";"EQ SWAP";"44.43352000";"";"Equity:PortfolioSwap:PriceReturnBasicPerformance:SingleName";""
"Termination";"1071_11488_U981_SWAPONE_SWAPSWAPONEEQSWP";"1071_11488_U981_SWAPONE_SWAP";"BDSD";"LONDON BRANCH";"FFASL1";"2026-02-12";"2027-02-02";"2027-02-02";"234468.0";"";"mxContractEventIUNWIND";"Unwind";"dead";"5493006QMFDDMYWIAM13107111488U981";"";"";"";"EQ SWAP";"30.06000000";"";"Equity:PortfolioSwap:PriceReturnBasicPerformance:SingleName";""
"Termination";"1051_10045_U688_SWAPONE_SWAPSWAPONEEQSWP";"1051_10045_U688_SWAPONE_SWAP";"BDSD";"LONDON BRANCH";"SSAL13";"2025-12-26";"2026-11-03";"2026-11-03";"554320.0";"";"mxContractEventIUNWIND";"Unwind";"dead";"5493006QMFDDMYWIAM13105110045U688";"";"";"";"EQ SWAP";"13.52000000";"";"Equity:PortfolioSwap:PriceReturnBasicPerformance:SingleName";""
"Termination";"1030_15308_U371_SWAPONE_SWAPSWAPONEEQSWP";"1030_15308_U371_SWAPONE_SWAP";"BDSD";"LONDON BRANCH";"FFASL1";"2025-05-30";"2026-02-03";"2026-02-03";"78208.998";"";"mxContractEventIUNWIND";"Unwind";"dead";"5493006QMFDDMYWIAM13103015308U371";"";"";"";"EQ SWAP";"13.48431000";"";"Equity:PortfolioSwap:PriceReturnBasicPerformance:SingleName";""
"Termination";"1065_15238_U836_SWAPONE_SWAPSWAPONEEQSWP";"1065_15238_U836_SWAPONE_SWAP";"BDSD";"LONDON BRANCH";"SSAL13";"2026-01-14";"2026-12-10";"2026-12-10";"59844.48";"";"mxContractEventIUNWIND";"Unwind";"dead";"5493006QMFDDMYWIAM13106515238U836";"";"";"";"EQ SWAP";"8.78000000";"";"Equity:PortfolioSwap:PriceReturnBasicPerformance:SingleName";""
"Termination";"1051_11661_U608_SWAPONE_SWAPSWAPONEEQSWP";"1051_11661_U608_SWAPONE_SWAP";"BDSD";"LONDON BRANCH";"00YRB9";"2025-12-05";"2026-11-03";"2026-11-03";"2311414.02";"";"mxContractEventIUNWIND";"Unwind";"dead";"5493006QMFDDMYWIAM13105111661U608";"";"5493006QMFDDMYWIAM131051_11661_U607";"";"EQ SWAP";"38.52356700";"";"Equity:PortfolioSwap:PriceReturnBasicPerformance:SingleName";""
"Termination";"1016_13801_U410_SWAPONE_SWAPSWAPONEEQSWP";"1016_13801_U410_SWAPONE_SWAP";"BDSD";"LONDON BRANCH";"FPFL12";"2025-05-30";"2026-01-20";"2026-01-20";"140944.0";"";"mxContractEventIRESTRUCTURE";"Cancel";"dead";"5493006QMFDDMYWIAM13101613801U410";"";"";"";"EQ SWAP";"7.66000000";"";"Equity:PortfolioSwap:PriceReturnBasicPerformance:SingleName";""
"Decrease";"1051_11017_U954_SWAPONE_SWAPSWAPONEEQSWP";"1051_11017_U954_SWAPONE_SWAP";"BDSD";"LONDON BRANCH";"SSAL13";"2026-02-04";"2026-11-03";"2026-11-03";"550881.0";"";"mxContractEventIUNWIND";"Unwind";"dead";"5493006QMFDDMYWIAM13105111017U954";"";"";"";"EQ SWAP";"73.45080000";"";"Equity:PortfolioSwap:PriceReturnBasicPerformance:SingleName";""
"Termination";"1051_11500_U1067_SWAPONE_SWAPSWAPONEEQSWP";"1051_11500_U1067_SWAPONE_SWAP";"BDSD";"LONDON BRANCH";"SSAL13";"2026-03-13";"2026-11-03";"2026-11-03";"5175204.0";"";"mxContractEventIUNWIND";"Unwind";"dead";"5493006QMFDDMYWIAM13105111500U1067";"";"";"";"EQ SWAP";"10.35040800";"";"Equity:PortfolioSwap:PriceReturnBasicPerformance:SingleName";""
"Termination";"1051_10069_U637_SWAPONE_SWAPSWAPONEEQSWP";"1051_10069_U637_SWAPONE_SWAP";"BDSD";"LONDON BRANCH";"SSAL13";"2025-12-12";"2026-11-03";"2026-11-03";"6110650.0";"";"mxContractEventIUNWIND";"Unwind";"dead";"5493006QMFDDMYWIAM13105110069U637";"";"";"";"EQ SWAP";"71.89000000";"";"Equity:PortfolioSwap:PriceReturnBasicPerformance:SingleName";""
"Termination";"1056_15245_U428_SWAPONE_SWAPSWAPONEEQSWP";"1056_15245_U428_SWAPONE_SWAP";"BDSD";"LONDON BRANCH";"00FLOO";"2025-07-10";"2026-07-10";"2026-07-10";"4999.0";"";"mxContractEventIUNWIND";"Unwind";"dead";"5493006QMFDDMYWIAM13105615245U428";"";"";"";"EQ SWAP";"49.99000000";"";"Equity:PortfolioSwap:PriceReturnBasicPerformance:SingleName";""
"Termination";"1044_10068_U441_SWAPONE_SWAPSWAPONEEQSWP";"1044_10068_U441_SWAPONE_SWAP";"BDSD";"LONDON BRANCH";"TZY1";"2025-08-04";"2026-08-05";"2026-08-05";"38805000";"";"mxContractEventIUNWIND";"Unwind";"dead";"5493006QMFDDMYWIAM13104410068U441";"";"";"";"EQ SWAP";"51.74000000";"";"Equity:PortfolioSwap:PriceReturnBasicPerformance:SingleName";""
"Termination";"1051_10058_U952_SWAPONE_SWAPSWAPONEEQSWP";"1051_10058_U952_SWAPONE_SWAP";"BDSD";"LONDON BRANCH";"SSAL13";"2026-02-04";"2026-11-03";"2026-11-03";"1723957.05";"";"mxContractEventIUNWIND";"Unwind";"dead";"5493006QMFDDMYWIAM13105110058U952";"";"";"";"EQ SWAP";"11.49304700";"";"Equity:PortfolioSwap:PriceReturnBasicPerformance:SingleName";""
"Termination";"1044_10081_U527_SWAPONE_SWAPSWAPONEEQSWP";"1044_10081_U527_SWAPONE_SWAP";"BDSD";"LONDON BRANCH";"TZY1";"2025-10-03";"2026-08-05";"2026-08-05";"11840800";"";"mxContractEventIUNWIND";"Unwind";"dead";"5493006QMFDDMYWIAM13104410081U527";"";"";"";"EQ SWAP";"31.16000000";"";"Equity:PortfolioSwap:PriceReturnBasicPerformance:SingleName";""
"Termination";"1070_10024_U927_SWAPONE_SWAPSWAPONEEQSWP";"1070_10024_U927_SWAPONE_SWAP";"BDSD";"LONDON BRANCH";"FPFL12";"2026-02-04";"2027-02-02";"2027-02-02";"1451700.0";"";"mxContractEventIUNWIND";"Unwind";"dead";"5493006QMFDDMYWIAM13107010024U927";"";"";"";"EQ SWAP";"48.39000000";"";"Equity:PortfolioSwap:PriceReturnBasicPerformance:SingleName";""
"Termination";"1051_10007_U842_SWAPONE_SWAPSWAPONEEQSWP";"1051_10007_U842_SWAPONE_SWAP";"BDSD";"LONDON BRANCH";"SSAL13";"2026-01-15";"2026-11-03";"2026-11-03";"2688000.0";"";"mxContractEventIUNWIND";"Unwind";"dead";"5493006QMFDDMYWIAM13105110007U842";"";"";"";"EQ SWAP";"21.00000000";"";"Equity:PortfolioSwap:PriceReturnBasicPerformance:SingleName";""
"Termination";"1030_10024_U374_SWAPONE_SWAPSWAPONEEQSWP";"1030_10024_U374_SWAPONE_SWAP";"BDSD";"LONDON BRANCH";"FFASL1";"2025-06-02";"2026-02-03";"2026-02-03";"266614.9978";"";"mxContractEventIUNWIND";"Unwind";"dead";"5493006QMFDDMYWIAM13103010024U374";"";"";"";"EQ SWAP";"43.00241900";"";"Equity:PortfolioSwap:PriceReturnBasicPerformance:SingleName";""
"Termination";"1051_10865_U866_SWAPONE_SWAPSWAPONEEQSWP";"1051_10865_U866_SWAPONE_SWAP";"BDSD";"LONDON BRANCH";"SSAL13";"2026-01-21";"2026-11-03";"2026-11-03";"225487.0002";"";"mxContractEventIUNWIND";"Unwind";"dead";"5493006QMFDDMYWIAM13105110865U866";"";"";"";"EQ SWAP";"12.12295700";"";"Equity:PortfolioSwap:PriceReturnBasicPerformance:SingleName";""
"Termination";"1016_10872_U853_SWAPONE_SWAPSWAPONEEQSWP";"1016_10872_U853_SWAPONE_SWAP";"BDSD";"LONDON BRANCH";"FPFL12";"2026-01-16";"2026-05-04";"2026-05-04";"359880.9747";"";"mxContractEventIUNWIND";"Unwind";"dead";"5493006QMFDDMYWIAM13101610872U853";"";"";"";"EQ SWAP";"4.01205100";"";"Equity:PortfolioSwap:PriceReturnBasicPerformance:SingleName";""
"Termination";"1071_10044_U1194_SWAPONE_SWAPSWAPONEEQSWP";"1071_10044_U1194_SWAPONE_SWAP";"BDSD";"LONDON BRANCH";"FFASL1";"2026-04-17";"2027-02-02";"2027-02-02";"36468.0";"";"mxContractEventIUNWIND";"Unwind";"dead";"5493006QMFDDMYWIAM13107110044U1194";"";"";"";"EQ SWAP";"24.31200000";"";"Equity:PortfolioSwap:PriceReturnBasicPerformance:SingleName";""
"Termination";"1016_11081_U325_SWAPONE_SWAPSWAPONEEQSWP";"1016_11081_U325_SWAPONE_SWAP";"BDSD";"LONDON BRANCH";"FPFL12";"2025-04-08";"2026-01-20";"2026-01-20";"34926.9999897";"";"mxContractEventIUNWIND";"Unwind";"dead";"5493006QMFDDMYWIAM13101611081U325";"";"";"";"EQ SWAP";"11.64233333";"";"Equity:PortfolioSwap:PriceReturnBasicPerformance:SingleName";""
"Cancel";"1030_13303_U296_SWAPONE_SWAPSWAPONEEQSWP";"1030_13303_U296_SWAPONE_SWAP";"BDSD";"LONDON BRANCH";"00Y7RD";"2025-05-08";"2026-02-03";"2026-02-03";"156020.0";"";"Cancel";"Cancel";"dead";"5493006QMFDDMYWIAM13103013303U296";"";"";"";"EQ SWAP";"13.45000000";"";"Equity:PortfolioSwap:PriceReturnBasicPerformance:SingleName";""
"Decrease";"1071_10044_U929_SWAPONE_SWAPSWAPONEEQSWP";"1071_10044_U929_SWAPONE_SWAP";"BDSD";"LONDON BRANCH";"00Y7RD";"2026-04-23";"2027-02-02";"2027-02-02";"339584.96";"";"mxContractEventIRESTRUCTURE";"Restructure";"live";"5493006QMFDDMYWIAM13107110044U929";"";"5493006QMFDDMYWIAM131071_10044_U1213";"";"EQ SWAP";"23.53000000";"";"Equity:PortfolioSwap:PriceReturnBasicPerformance:SingleName";""
"Termination";"1044_10075_U458_SWAPONE_SWAPSWAPONEEQSWP";"1044_10075_U458_SWAPONE_SWAP";"BDSD";"LONDON BRANCH";"00ZICG";"2026-04-08";"2026-08-05";"2026-08-05";"5786571.28";"";"mxContractEventIUNWIND";"Unwind";"dead";"5493006QMFDDMYWIAM13104410075U458";"";"5493006QMFDDMYWIAM131044_10075_U1130";"";"EQ SWAP";"59.48000000";"";"Equity:PortfolioSwap:PriceReturnBasicPerformance:SingleName";""
"Termination";"1016_10305_U376_SWAPONE_SWAPSWAPONEEQSWP";"1016_10305_U376_SWAPONE_SWAP";"BDSD";"LONDON BRANCH";"FPFL12";"2025-06-02";"2026-01-20";"2026-01-20";"884483.005";"";"mxContractEventIUNWIND";"Unwind";"dead";"5493006QMFDDMYWIAM13101610305U376";"";"";"";"EQ SWAP";"25.27094300";"";"Equity:PortfolioSwap:PriceReturnBasicPerformance:SingleName";""
"Termination";"1051_10075_U1205_SWAPONE_SWAPSWAPONEEQSWP";"1051_10075_U1205_SWAPONE_SWAP";"BDSD";"LONDON BRANCH";"SSAL13";"2026-04-20";"2026-11-03";"2026-11-03";"1792000.0";"";"mxContractEventIUNWIND";"Unwind";"dead";"5493006QMFDDMYWIAM13105110075U1205";"";"";"";"EQ SWAP";"64.00000000";"";"Equity:PortfolioSwap:PriceReturnBasicPerformance:SingleName";""
"Termination";"1044_10075_U455_SWAPONE_SWAPSWAPONEEQSWP";"1044_10075_U455_SWAPONE_SWAP";"BDSD";"LONDON BRANCH";"00ZICE";"2026-04-10";"2026-08-05";"2026-08-05";"64455000";"";"mxContractEventIUNWIND";"Unwind";"dead";"5493006QMFDDMYWIAM13104410075U455";"";"5493006QMFDDMYWIAM131044_10075_U1146";"";"EQ SWAP";"51.56400000";"";"Equity:PortfolioSwap:PriceReturnBasicPerformance:SingleName";""
"Termination";"1016_15308_U815_SWAPONE_SWAPSWAPONEEQSWP";"1016_15308_U815_SWAPONE_SWAP";"BDSD";"LONDON BRANCH";"FPFL12";"2025-09-09";"2026-01-20";"2026-01-20";"795000.0";"";"mxContractEventIUNWIND";"Unwind";"dead";"5493006QMFDDMYWIAM13101615308U815";"";"";"";"EQ SWAP";"15.90000000";"";"Equity:PortfolioSwap:PriceReturnBasicPerformance:SingleName";""
"Termination";"1044_13501_U500_SWAPONE_SWAPSWAPONEEQSWP";"1044_13501_U500_SWAPONE_SWAP";"BDSD";"LONDON BRANCH";"00ZICG";"2026-01-05";"2026-08-05";"2026-08-05";"6641199.96";"";"mxContractEventIUNWIND";"Unwind";"dead";"5493006QMFDDMYWIAM13104413501U500";"";"5493006QMFDDMYWIAM131044_13501_U804";"";"EQ SWAP";"13.08000000";"";"Equity:PortfolioSwap:PriceReturnBasicPerformance:SingleName";""
"Termination";"1051_13501_U1024_SWAPONE_SWAPSWAPONEEQSWP";"1051_13501_U1024_SWAPONE_SWAP";"BDSD";"LONDON BRANCH";"SSAL13";"2026-02-26";"2026-11-03";"2026-11-03";"1488225.0";"";"mxContractEventIUNWIND";"Unwind";"dead";"5493006QMFDDMYWIAM13105113501U1024";"";"";"";"EQ SWAP";"14.88225000";"";"Equity:PortfolioSwap:PriceReturnBasicPerformance:SingleName";""
"Termination";"1041_10024_U522_SWAPONE_SWAPSWAPONEEQSWP";"1041_10024_U522_SWAPONE_SWAP";"BDSD";"LONDON BRANCH";"00FLOO";"2025-09-30";"2026-01-01";"2026-01-01";"27887205";"";"mxContractEventICANCEL";"Cancel";"dead";"5493006QMFDDMYWIAM13104110024U522";"";"";"";"EQ SWAP";"39.45000000";"";"Equity:PortfolioSwap:PriceReturnBasicPerformance:SingleName";""
"Termination";"1044_10007_U1112_SWAPONE_SWAPSWAPONEEQSWP";"1044_10007_U1112_SWAPONE_SWAP";"BDSD";"LONDON BRANCH";"TZY1";"2026-04-01";"2026-08-05";"2026-08-05";"24990000";"";"mxContractEventIUNWIND";"Unwind";"dead";"5493006QMFDDMYWIAM13104410007U1112";"";"";"";"EQ SWAP";"24.99000000";"";"Equity:PortfolioSwap:PriceReturnBasicPerformance:SingleName";""
"Amendment";"1044_10061_U461_SWAPONE_SWAPSWAPONEEQSWP";"1044_10061_U461_SWAPONE_SWAP";"BDSD";"LONDON BRANCH";"00ZICD";"2025-08-20";"2026-08-05";"2026-08-05";"16620000";"";"mxContractEventIRESTRUCTURE";"Restructure";"live";"5493006QMFDDMYWIAM13104410061U461";"";"5493006QMFDDMYWIAM131044_10061_U460";"";"EQ SWAP";"33.24000000";"";"Equity:PortfolioSwap:PriceReturnBasicPerformance:SingleName";""
"Termination";"1044_10081_U463_SWAPONE_SWAPSWAPONEEQSWP";"1044_10081_U463_SWAPONE_SWAP";"BDSD";"LONDON BRANCH";"TZY1";"2025-08-21";"2026-08-05";"2026-08-05";"11511615.12";"";"mxContractEventIUNWIND";"Unwind";"dead";"5493006QMFDDMYWIAM13104410081U463";"";"";"";"EQ SWAP";"30.29372400";"";"Equity:PortfolioSwap:PriceReturnBasicPerformance:SingleName";""
"Termination";"1059_10081_U509_SWAPONE_SWAPSWAPONEEQSWP";"1059_10081_U509_SWAPONE_SWAP";"BDSD";"LONDON BRANCH";"00A20D";"2025-11-14";"2026-09-28";"2026-09-28";"96995.0000001";"";"mxContractEventIUNWIND";"Unwind";"dead";"5493006QMFDDMYWIAM13105910081U509";"";"";"";"EQ SWAP";"32.33166667";"";"Equity:PortfolioSwap:PriceReturnBasicPerformance:SingleName";""
"Allocation";"1063_14906_U1161_SWAPONE_SWAPSWAPONEEQSWP";"1063_14906_U1161_SWAPONE_SWAP";"BDSD";"LONDON BRANCH";"007Y6R";"2026-04-10";"2026-11-13";"2026-11-13";"57224614.640224";"";"Insert";"Insert";"live";"5493006QMFDDMYWIAM13106314906U1161";"";"5493006QMFDDMYWIAM131063_14906_U1154";"";"EQ SWAP";"352.71147200";"";"Equity:PortfolioSwap:PriceReturnBasicPerformance:SingleName";""
"Termination";"1051_10927_U695_SWAPONE_SWAPSWAPONEEQSWP";"1051_10927_U695_SWAPONE_SWAP";"BDSD";"LONDON BRANCH";"0087I1";"2026-01-02";"2026-11-03";"2026-11-03";"3201640.000015";"";"mxContractEventIUNWIND";"Unwind";"dead";"5493006QMFDDMYWIAM13105110927U695";"";"5493006QMFDDMYWIAM131051_10927_U791";"";"EQ SWAP";"11.90200744";"";"Equity:PortfolioSwap:PriceReturnBasicPerformance:SingleName";""
"Termination";"1030_10308_U529_SWAPONE_SWAPSWAPONEEQSWP";"1030_10308_U529_SWAPONE_SWAP";"BDSD";"LONDON BRANCH";"00Y7RD";"2026-01-30";"2026-02-03";"2026-02-03";"237611.4299991432";"";"mxContractEventIUNWIND";"Unwind";"dead";"5493006QMFDDMYWIAM13103010308U529";"";"";"";"EQ SWAP";"12.08849359";"";"Equity:PortfolioSwap:PriceReturnBasicPerformance:SingleName";""
"Termination";"1044_10049_U641_SWAPONE_SWAPSWAPONEEQSWP";"1044_10049_U641_SWAPONE_SWAP";"BDSD";"LONDON BRANCH";"00ZICD";"2026-04-07";"2026-08-05";"2026-08-05";"46228125.07";"";"mxContractEventIUNWIND";"Unwind";"dead";"5493006QMFDDMYWIAM13104410049U641";"";"5493006QMFDDMYWIAM131044_10049_U1125";"";"EQ SWAP";"25.51000000";"";"Equity:PortfolioSwap:PriceReturnBasicPerformance:SingleName";""
"Termination";"1044_16207_U677_SWAPONE_SWAPSWAPONEEQSWP";"1044_16207_U677_SWAPONE_SWAP";"BDSD";"LONDON BRANCH";"00ZICE";"2025-12-26";"2026-08-05";"2026-08-05";"0.0";"";"mxContractEventIUNWIND";"Unwind";"dead";"5493006QMFDDMYWIAM13104416207U677";"";"5493006QMFDDMYWIAM131044_16207_U684";"";"EQ SWAP";"0";"";"Equity:PortfolioSwap:PriceReturnBasicPerformance:SingleName";""
"Termination";"1044_10064_U493_SWAPONE_SWAPSWAPONEEQSWP";"1044_10064_U493_SWAPONE_SWAP";"BDSD";"LONDON BRANCH";"00ZICD";"2026-03-03";"2026-08-05";"2026-08-05";"16895000";"";"mxContractEventIUNWIND";"Unwind";"dead";"5493006QMFDDMYWIAM13104410064U493";"";"5493006QMFDDMYWIAM131044_10064_U1033";"";"EQ SWAP";"33.79000000";"";"Equity:PortfolioSwap:PriceReturnBasicPerformance:SingleName";""
"Termination";"1030_10052_U364_SWAPONE_SWAPSWAPONEEQSWP";"1030_10052_U364_SWAPONE_SWAP";"BDSD";"LONDON BRANCH";"FFASL1";"2025-05-20";"2026-02-03";"2026-02-03";"107078.9997";"";"mxContractEventIUNWIND";"Unwind";"dead";"5493006QMFDDMYWIAM13103010052U364";"";"";"";"EQ SWAP";"36.92379300";"";"Equity:PortfolioSwap:PriceReturnBasicPerformance:SingleName";""
"Termination";"1051_10045_U694_SWAPONE_SWAPSWAPONEEQSWP";"1051_10045_U694_SWAPONE_SWAP";"BDSD";"LONDON BRANCH";"0087I1";"2026-01-02";"2026-11-03";"2026-11-03";"1315757.0309974";"";"mxContractEventIUNWIND";"Unwind";"dead";"5493006QMFDDMYWIAM13105110045U694";"";"5493006QMFDDMYWIAM131051_10045_U796";"";"EQ SWAP";"13.56450547";"";"Equity:PortfolioSwap:PriceReturnBasicPerformance:SingleName";""
"Termination";"1044_10024_U456_SWAPONE_SWAPSWAPONEEQSWP";"1044_10024_U456_SWAPONE_SWAP";"BDSD";"LONDON BRANCH";"TZY1";"2025-08-14";"2026-08-05";"2026-08-05";"22360000";"";"mxContractEventIUNWIND";"Unwind";"dead";"5493006QMFDDMYWIAM13104410024U456";"";"";"";"EQ SWAP";"34.40000000";"";"Equity:PortfolioSwap:PriceReturnBasicPerformance:SingleName";""
"Termination";"1051_10027_U953_SWAPONE_SWAPSWAPONEEQSWP";"1051_10027_U953_SWAPONE_SWAP";"BDSD";"LONDON BRANCH";"SSAL13";"2026-02-04";"2026-11-03";"2026-11-03";"997543.0";"";"mxContractEventIUNWIND";"Unwind";"dead";"5493006QMFDDMYWIAM13105110027U953";"";"";"";"EQ SWAP";"39.90172000";"";"Equity:PortfolioSwap:PriceReturnBasicPerformance:SingleName";""
"Termination";"1051_11183_U1038_SWAPONE_SWAPSWAPONEEQSWP";"1051_11183_U1038_SWAPONE_SWAP";"BDSD";"LONDON BRANCH";"00YRB9";"2026-04-16";"2026-11-03";"2026-11-03";"10535181.00113188";"";"mxContractEventIUNWIND";"Unwind";"dead";"5493006QMFDDMYWIAM13105111183U1038";"";"5493006QMFDDMYWIAM131051_11183_U1189";"";"EQ SWAP";"13.34580821";"";"Equity:PortfolioSwap:PriceReturnBasicPerformance:SingleName";""
"Termination";"1051_10052_U623_SWAPONE_SWAPSWAPONEEQSWP";"1051_10052_U623_SWAPONE_SWAP";"BDSD";"LONDON BRANCH";"SSAL13";"2025-12-09";"2026-11-03";"2026-11-03";"785400.0";"";"mxContractEventICANCEL";"Cancel";"dead";"5493006QMFDDMYWIAM13105110052U623";"";"";"";"EQ SWAP";"38.50000000";"";"Equity:PortfolioSwap:PriceReturnBasicPerformance:SingleName";""
"Termination";"1044_10068_U1131_SWAPONE_SWAPSWAPONEEQSWP";"1044_10068_U1131_SWAPONE_SWAP";"BDSD";"LONDON BRANCH";"TZY1";"2026-04-08";"2026-08-05";"2026-08-05";"35265000";"";"mxContractEventIUNWIND";"Unwind";"dead";"5493006QMFDDMYWIAM13104410068U1131";"";"";"";"EQ SWAP";"47.02000000";"";"Equity:PortfolioSwap:PriceReturnBasicPerformance:SingleName";""
"Termination";"1051_10081_U1087_SWAPONE_SWAPSWAPONEEQSWP";"1051_10081_U1087_SWAPONE_SWAP";"BDSD";"LONDON BRANCH";"SSAL13";"2026-03-19";"2026-11-03";"2026-11-03";"5280451.9606";"";"mxContractEventIUNWIND";"Unwind";"dead";"5493006QMFDDMYWIAM13105110081U1087";"";"";"";"EQ SWAP";"47.27351800";"";"Equity:PortfolioSwap:PriceReturnBasicPerformance:SingleName";""
"Termination";"1041_10401_U562_SWAPONE_SWAPSWAPONEEQSWP";"1041_10401_U562_SWAPONE_SWAP";"BDSD";"LONDON BRANCH";"00FLOO";"2025-11-07";"2026-01-01";"2026-01-01";"2535013.05";"";"mxContractEventIUNWIND";"Unwind";"dead";"5493006QMFDDMYWIAM13104110401U562";"";"";"";"EQ SWAP";"16.90008700";"";"Equity:PortfolioSwap:PriceReturnBasicPerformance:SingleName";""
"Termination";"1051_16607_U957_SWAPONE_SWAPSWAPONEEQSWP";"1051_16607_U957_SWAPONE_SWAP";"BDSD";"LONDON BRANCH";"SSAL13";"2026-02-05";"2026-11-03";"2026-11-03";"109630000";"";"mxContractEventIUNWIND";"Unwind";"dead";"5493006QMFDDMYWIAM13105116607U957";"";"";"";"EQ SWAP";"109.63000000";"";"Equity:PortfolioSwap:PriceReturnBasicPerformance:SingleName";""
"Termination";"1016_11642_U553_SWAPONE_SWAPSWAPONEEQSWP";"1016_11642_U553_SWAPONE_SWAP";"BDSD";"LONDON BRANCH";"FPFL12";"2025-11-14";"2026-01-20";"2026-01-20";"137275.0024";"";"mxContractEventIUNWIND";"Unwind";"dead";"5493006QMFDDMYWIAM13101611642U553";"";"";"";"EQ SWAP";"4.63766900";"";"Equity:PortfolioSwap:PriceReturnBasicPerformance:SingleName";""
"Termination";"1016_10075_U408_SWAPONE_SWAPSWAPONEEQSWP";"1016_10075_U408_SWAPONE_SWAP";"BDSD";"LONDON BRANCH";"FPFL12";"2025-06-11";"2026-01-20";"2026-01-20";"1871615.0024";"";"mxContractEventIUNWIND";"Unwind";"dead";"5493006QMFDDMYWIAM13101610075U408";"";"";"";"EQ SWAP";"41.49922400";"";"Equity:PortfolioSwap:PriceReturnBasicPerformance:SingleName";""
"Termination";"1051_11032_U1094_SWAPONE_SWAPSWAPONEEQSWP";"1051_11032_U1094_SWAPONE_SWAP";"BDSD";"LONDON BRANCH";"SSAL13";"2026-03-24";"2026-11-03";"2026-11-03";"150099987";"";"mxContractEventIUNWIND";"Unwind";"dead";"5493006QMFDDMYWIAM13105111032U1094";"";"";"";"EQ SWAP";"150.09998700";"";"Equity:PortfolioSwap:PriceReturnBasicPerformance:SingleName";""
"Termination";"1041_10049_U524_SWAPONE_SWAPSWAPONEEQSWP";"1041_10049_U524_SWAPONE_SWAP";"BDSD";"LONDON BRANCH";"00FLOO";"2026-03-31";"2027-01-04";"2027-01-04";"11899995.682474876";"";"mxContractEventIUNWIND";"Unwind";"dead";"5493006QMFDDMYWIAM13104110049U524";"";"";"";"EQ SWAP";"20.83690073";"";"Equity:PortfolioSwap:PriceReturnBasicPerformance:SingleName";""
"Termination";"1071_11488_U1065_SWAPONE_SWAPSWAPONEEQSWP";"1071_11488_U1065_SWAPONE_SWAP";"BDSD";"LONDON BRANCH";"FFASL1";"2026-03-13";"2027-02-02";"2027-02-02";"104808.0012";"";"mxContractEventIUNWIND";"Unwind";"dead";"5493006QMFDDMYWIAM13107111488U1065";"";"";"";"EQ SWAP";"24.95428600";"";"Equity:PortfolioSwap:PriceReturnBasicPerformance:SingleName";""
"Termination";"1041_10062_U620_SWAPONE_SWAPSWAPONEEQSWP";"1041_10062_U620_SWAPONE_SWAP";"BDSD";"LONDON BRANCH";"00FLOO";"2026-01-15";"2027-01-04";"2027-01-04";"6283970.0";"";"mxContractEventIUNWIND";"Unwind";"dead";"5493006QMFDDMYWIAM13104110062U620";"";"";"";"EQ SWAP";"17.95420000";"";"Equity:PortfolioSwap:PriceReturnBasicPerformance:SingleName";""
"Termination";"1043_10006_U479_SWAPONE_SWAPSWAPONEEQSWP";"1043_10006_U479_SWAPONE_SWAP";"BDSD";"LONDON BRANCH";"00FLOO";"2025-09-30";"2026-07-13";"2026-07-13";"0.0";"";"mxContractEventIUNWIND";"Unwind";"dead";"5493006QMFDDMYWIAM13104310006U479";"";"";"";"EQ SWAP";"0";"";"Equity:PortfolioSwap:PriceReturnBasicPerformance:SingleName";""
"Increase";"1051_11032_U1028_SWAPONE_SWAPSWAPONEEQSWP";"1051_11032_U1028_SWAPONE_SWAP";"BDSD";"LONDON BRANCH";"0087I1";"2026-03-24";"2026-11-03";"2026-11-03";"447359987.0001";"";"mxContractEventIRESTRUCTURE";"Restructure";"live";"5493006QMFDDMYWIAM13105111032U1028";"";"5493006QMFDDMYWIAM131051_11032_U1094";"";"EQ SWAP";"149.11999567";"";"Equity:PortfolioSwap:PriceReturnBasicPerformance:SingleName";""
"Termination";"1051_10058_U622_SWAPONE_SWAPSWAPONEEQSWP";"1051_10058_U622_SWAPONE_SWAP";"BDSD";"LONDON BRANCH";"SSAL13";"2025-12-09";"2026-11-03";"2026-11-03";"1373196.0";"";"mxContractEventIUNWIND";"Unwind";"dead";"5493006QMFDDMYWIAM13105110058U622";"";"";"";"EQ SWAP";"11.11000000";"";"Equity:PortfolioSwap:PriceReturnBasicPerformance:SingleName";""
"Termination";"1044_10049_U638_SWAPONE_SWAPSWAPONEEQSWP";"1044_10049_U638_SWAPONE_SWAP";"BDSD";"LONDON BRANCH";"TZY1";"2025-12-12";"2026-08-05";"2026-08-05";"51020000";"";"mxContractEventIUNWIND";"Unwind";"dead";"5493006QMFDDMYWIAM13104410049U638";"";"";"";"EQ SWAP";"25.51000000";"";"Equity:PortfolioSwap:PriceReturnBasicPerformance:SingleName";""
"Increase";"1041_13407_U519_SWAPONE_SWAPSWAPONEEQSWP";"1041_13407_U519_SWAPONE_SWAP";"BDSD";"LONDON BRANCH";"00FLOO";"2026-03-24";"2027-01-04";"2027-01-04";"1357838.0149058";"";"mxContractEventIRESTRUCTURE";"Restructure";"live";"5493006QMFDDMYWIAM13104113407U519";"";"";"";"EQ SWAP";"13.18289335";"";"Equity:PortfolioSwap:PriceReturnBasicPerformance:SingleName";""
"Termination";"1030_10060_U286_SWAPONE_SWAPSWAPONEEQSWP";"1030_10060_U286_SWAPONE_SWAP";"BDSD";"LONDON BRANCH";"00Y7RD";"2026-01-30";"2026-02-03";"2026-02-03";"146458.0";"";"mxContractEventIUNWIND";"Unwind";"dead";"5493006QMFDDMYWIAM13103010060U286";"";"";"";"EQ SWAP";"34.06000000";"";"Equity:PortfolioSwap:PriceReturnBasicPerformance:SingleName";""
"Termination";"1051_15703_U795_SWAPONE_SWAPSWAPONEEQSWP";"1051_15703_U795_SWAPONE_SWAP";"BDSD";"LONDON BRANCH";"SSAL13";"2026-01-02";"2026-11-03";"2026-11-03";"8428280.0";"";"mxContractEventIUNWIND";"Unwind";"dead";"5493006QMFDDMYWIAM13105115703U795";"";"";"";"EQ SWAP";"19.42000000";"";"Equity:PortfolioSwap:PriceReturnBasicPerformance:SingleName";""
"Termination";"1051_10042_U558_SWAPONE_SWAPSWAPONEEQSWP";"1051_10042_U558_SWAPONE_SWAP";"BDSD";"LONDON BRANCH";"00YRB9";"2025-11-26";"2026-11-03";"2026-11-03";"2682096.62";"";"mxContractEventIUNWIND";"Unwind";"dead";"5493006QMFDDMYWIAM13105110042U558";"";"5493006QMFDDMYWIAM131051_10042_U594";"";"EQ SWAP";"49.78000000";"";"Equity:PortfolioSwap:PriceReturnBasicPerformance:SingleName";""
"Termination";"1071_10401_U1152_SWAPONE_SWAPSWAPONEEQSWP";"1071_10401_U1152_SWAPONE_SWAP";"BDSD";"LONDON BRANCH";"FFASL1";"2026-04-10";"2027-02-02";"2027-02-02";"148691.0034";"";"mxContractEventIUNWIND";"Unwind";"dead";"5493006QMFDDMYWIAM13107110401U1152";"";"";"";"EQ SWAP";"18.82164600";"";"Equity:PortfolioSwap:PriceReturnBasicPerformance:SingleName";""
"Termination";"1044_10022_U491_SWAPONE_SWAPSWAPONEEQSWP";"1044_10022_U491_SWAPONE_SWAP";"BDSD";"LONDON BRANCH";"TZY1";"2025-09-02";"2026-08-05";"2026-08-05";"23980000";"";"mxContractEventIUNWIND";"Unwind";"dead";"5493006QMFDDMYWIAM13104410022U491";"";"";"";"EQ SWAP";"47.96000000";"";"Equity:PortfolioSwap:PriceReturnBasicPerformance:SingleName";""
"Termination";"1043_10011_U483_SWAPONE_SWAPSWAPONEEQSWP";"1043_10011_U483_SWAPONE_SWAP";"BDSD";"LONDON BRANCH";"00FLOO";"2025-09-30";"2026-07-13";"2026-07-13";"11959800";"";"mxContractEventIUNWIND";"Unwind";"dead";"5493006QMFDDMYWIAM13104310011U483";"";"";"";"EQ SWAP";"38.58000000";"";"Equity:PortfolioSwap:PriceReturnBasicPerformance:SingleName";""
"Termination";"1051_10027_U940_SWAPONE_SWAPSWAPONEEQSWP";"1051_10027_U940_SWAPONE_SWAP";"BDSD";"LONDON BRANCH";"SSAL13";"2026-02-03";"2026-11-03";"2026-11-03";"5506813.28925";"";"mxContractEventIUNWIND";"Unwind";"dead";"5493006QMFDDMYWIAM13105110027U940";"";"";"";"EQ SWAP";"39.79630200";"";"Equity:PortfolioSwap:PriceReturnBasicPerformance:SingleName";""
"Decrease";"1041_13301_U512_SWAPONE_SWAPSWAPONEEQSWP";"1041_13301_U512_SWAPONE_SWAP";"BDSD";"LONDON BRANCH";"00FLOO";"2026-02-26";"2027-01-04";"2027-01-04";"2854022.0";"";"mxContractEventIRESTRUCTURE";"Restructure";"live";"5493006QMFDDMYWIAM13104113301U512";"";"";"";"EQ SWAP";"28.37000000";"";"Equity:PortfolioSwap:PriceReturnBasicPerformance:SingleName";""
"Termination";"1033_11484_U212_SWAPONE_SWAPSWAPONEEQSWP";"1033_11484_U212_SWAPONE_SWAP";"BDSD";"LONDON BRANCH";"00WI4X";"2025-10-13";"2025-10-14";"2025-10-14";"32047974";"";"mxContractEventIUNWIND";"Unwind";"dead";"5493006QMFDDMYWIAM13103311484U212";"";"";"";"EQ SWAP";"14.37000000";"";"Equity:PortfolioSwap:PriceReturnBasicPerformance:SingleName";""
"Insert";"1070_10765_U1138_SWAPONE_SWAPSWAPONEEQSWP";"1070_10765_U1138_SWAPONE_SWAP";"BDSD";"LONDON BRANCH";"FPFL12";"2026-04-09";"2027-02-02";"2027-02-02";"799191.0";"";"Insert";"Insert";"live";"5493006QMFDDMYWIAM13107010765U1138";"";"";"";"EQ SWAP";"3.99595500";"";"Equity:PortfolioSwap:PriceReturnBasicPerformance:SingleName";""
"Termination";"1073_10027_U1085_SWAPONE_SWAPSWAPONEEQSWP";"1073_10027_U1085_SWAPONE_SWAP";"BDSD";"LONDON BRANCH";"SSAL13";"2026-03-19";"2027-02-23";"2027-02-23";"5286376.998";"";"mxContractEventIUNWIND";"Unwind";"dead";"5493006QMFDDMYWIAM13107310027U1085";"";"";"";"EQ SWAP";"52.08253200";"";"Equity:PortfolioSwap:PriceReturnBasicPerformance:SingleName";""
"Termination";"1016_11312_U593_SWAPONE_SWAPSWAPONEEQSWP";"1016_11312_U593_SWAPONE_SWAP";"BDSD";"LONDON BRANCH";"FPFL12";"2026-01-30";"2026-05-04";"2026-05-04";"242936.1";"";"mxContractEventIUNWIND";"Unwind";"dead";"5493006QMFDDMYWIAM13101611312U593";"";"";"";"EQ SWAP";"22.91850000";"";"Equity:PortfolioSwap:PriceReturnBasicPerformance:SingleName";""
"Termination";"1030_10075_U373_SWAPONE_SWAPSWAPONEEQSWP";"1030_10075_U373_SWAPONE_SWAP";"BDSD";"LONDON BRANCH";"FFASL1";"2025-05-30";"2026-02-03";"2026-02-03";"84411.0";"";"mxContractEventIUNWIND";"Unwind";"dead";"5493006QMFDDMYWIAM13103010075U373";"";"";"";"EQ SWAP";"42.20550000";"";"Equity:PortfolioSwap:PriceReturnBasicPerformance:SingleName";""
"Termination";"1070_10024_U1018_SWAPONE_SWAPSWAPONEEQSWP";"1070_10024_U1018_SWAPONE_SWAP";"BDSD";"LONDON BRANCH";"FPFL12";"2026-03-03";"2027-02-02";"2027-02-02";"1299574.0";"";"mxContractEventIUNWIND";"Unwind";"dead";"5493006QMFDDMYWIAM13107010024U1018";"";"";"";"EQ SWAP";"51.98296000";"";"Equity:PortfolioSwap:PriceReturnBasicPerformance:SingleName";""
"Termination";"1044_10075_U453_SWAPONE_SWAPSWAPONEEQSWP";"1044_10075_U453_SWAPONE_SWAP";"BDSD";"LONDON BRANCH";"TZY1";"2025-08-12";"2026-08-05";"2026-08-05";"22700000";"";"mxContractEventIUNWIND";"Unwind";"dead";"5493006QMFDDMYWIAM13104410075U453";"";"";"";"EQ SWAP";"45.40000000";"";"Equity:PortfolioSwap:PriceReturnBasicPerformance:SingleName";""
"Termination";"1016_10007_U850_SWAPONE_SWAPSWAPONEEQSWP";"1016_10007_U850_SWAPONE_SWAP";"BDSD";"LONDON BRANCH";"FPFL12";"2026-01-16";"2026-05-04";"2026-05-04";"3097021.05";"";"mxContractEventIUNWIND";"Unwind";"dead";"5493006QMFDDMYWIAM13101610007U850";"";"";"";"EQ SWAP";"20.64680700";"";"Equity:PortfolioSwap:PriceReturnBasicPerformance:SingleName";""
"Termination";"1051_13501_U611_SWAPONE_SWAPSWAPONEEQSWP";"1051_13501_U611_SWAPONE_SWAP";"BDSD";"LONDON BRANCH";"SSAL13";"2025-12-08";"2026-11-03";"2026-11-03";"5361080.0";"";"mxContractEventIUNWIND";"Unwind";"dead";"5493006QMFDDMYWIAM13105113501U611";"";"";"";"EQ SWAP";"13.27000000";"";"Equity:PortfolioSwap:PriceReturnBasicPerformance:SingleName";""
"Termination";"1070_10765_U928_SWAPONE_SWAPSWAPONEEQSWP";"1070_10765_U928_SWAPONE_SWAP";"BDSD";"LONDON BRANCH";"FPFL12";"2026-03-24";"2027-02-02";"2027-02-02";"1118244.0000063";"";"mxContractEventIUNWIND";"Unwind";"dead";"5493006QMFDDMYWIAM13107010765U928";"";"";"";"EQ SWAP";"3.71633101";"";"Equity:PortfolioSwap:PriceReturnBasicPerformance:SingleName";""
"Termination";"1051_10027_U1045_SWAPONE_SWAPSWAPONEEQSWP";"1051_10027_U1045_SWAPONE_SWAP";"BDSD";"LONDON BRANCH";"SSAL13";"2026-03-06";"2026-11-03";"2026-11-03";"5330051.0018";"";"mxContractEventICANCEL";"Cancel";"dead";"5493006QMFDDMYWIAM13105110027U1045";"";"";"";"EQ SWAP";"46.18761700";"";"Equity:PortfolioSwap:PriceReturnBasicPerformance:SingleName";""
"Termination";"1023_13801_U161_SWAPONE_SWAPSWAPONEEQSWP";"1023_13801_U161_SWAPONE_SWAP";"BDSD";"LONDON BRANCH";"FPFL12";"2025-07-07";"2025-07-09";"2025-07-09";"0.0";"";"mxContractEventIUNWIND";"Unwind";"dead";"5493006QMFDDMYWIAM13102313801U161";"";"";"";"EQ SWAP";"0";"";"Equity:PortfolioSwap:PriceReturnBasicPerformance:SingleName";""
"Termination";"1030_11488_U572_SWAPONE_SWAPSWAPONEEQSWP";"1030_11488_U572_SWAPONE_SWAP";"BDSD";"LONDON BRANCH";"FFASL1";"2025-11-11";"2026-02-03";"2026-02-03";"73439.0";"";"mxContractEventIUNWIND";"Unwind";"dead";"5493006QMFDDMYWIAM13103011488U572";"";"";"";"EQ SWAP";"31.93000000";"";"Equity:PortfolioSwap:PriceReturnBasicPerformance:SingleName";""
"Termination";"1051_10058_U1177_SWAPONE_SWAPSWAPONEEQSWP";"1051_10058_U1177_SWAPONE_SWAP";"BDSD";"LONDON BRANCH";"SSAL13";"2026-04-14";"2026-11-03";"2026-11-03";"272355.0";"";"mxContractEventIUNWIND";"Unwind";"dead";"5493006QMFDDMYWIAM13105110058U1177";"";"";"";"EQ SWAP";"13.61775000";"";"Equity:PortfolioSwap:PriceReturnBasicPerformance:SingleName";""
"Increase";"1044_10007_U1108_SWAPONE_SWAPSWAPONEEQSWP";"1044_10007_U1108_SWAPONE_SWAP";"BDSD";"LONDON BRANCH";"00ZICE";"2026-04-08";"2026-08-05";"2026-08-05";"85325999.99986";"";"mxContractEventIRESTRUCTURE";"Restructure";"live";"5493006QMFDDMYWIAM13104410007U1108";"";"5493006QMFDDMYWIAM131044_10007_U1132";"";"EQ SWAP";"25.09588235";"";"Equity:PortfolioSwap:PriceReturnBasicPerformance:SingleName";""
"Termination";"1065_15221_U1020_SWAPONE_SWAPSWAPONEEQSWP";"1065_15221_U1020_SWAPONE_SWAP";"BDSD";"LONDON BRANCH";"00YRB9";"2026-02-26";"2026-12-10";"2026-12-10";"4249814.355";"";"mxContractEventIUNWIND";"Unwind";"dead";"5493006QMFDDMYWIAM13106515221U1020";"";"5493006QMFDDMYWIAM131065_15221_U1021";"";"EQ SWAP";"283.32095700";"";"Equity:PortfolioSwap:PriceReturnBasicPerformance:SingleName";""
"Termination";"1051_10042_U602_SWAPONE_SWAPSWAPONEEQSWP";"1051_10042_U602_SWAPONE_SWAP";"BDSD";"LONDON BRANCH";"SSAL13";"2025-12-05";"2026-11-03";"2026-11-03";"3206151.0";"";"mxContractEventIUNWIND";"Unwind";"dead";"5493006QMFDDMYWIAM13105110042U602";"";"";"";"EQ SWAP";"53.17000000";"";"Equity:PortfolioSwap:PriceReturnBasicPerformance:SingleName";""
"Termination";"1044_13501_U804_SWAPONE_SWAPSWAPONEEQSWP";"1044_13501_U804_SWAPONE_SWAP";"BDSD";"LONDON BRANCH";"TZY1";"2026-01-05";"2026-08-05";"2026-08-05";"10965981.290364";"";"mxContractEventIUNWIND";"Unwind";"dead";"5493006QMFDDMYWIAM13104413501U804";"";"";"";"EQ SWAP";"12.25000200";"";"Equity:PortfolioSwap:PriceReturnBasicPerformance:SingleName";""
"Termination";"1044_10038_U604_SWAPONE_SWAPSWAPONEEQSWP";"1044_10038_U604_SWAPONE_SWAP";"BDSD";"LONDON BRANCH";"TZY1";"2025-12-05";"2026-08-05";"2026-08-05";"3078200.33451";"";"mxContractEventIUNWIND";"Unwind";"dead";"5493006QMFDDMYWIAM13104410038U604";"";"";"";"EQ SWAP";"14.46998700";"";"Equity:PortfolioSwap:PriceReturnBasicPerformance:SingleName";""
"Termination";"1060_15240_U525_SWAPONE_SWAPSWAPONEEQSWP";"1060_15240_U525_SWAPONE_SWAP";"BDSD";"LONDON BRANCH";"FPFL12";"2025-10-09";"2025-12-29";"2025-12-29";"180340.0";"";"mxContractEventIUNWIND";"Unwind";"dead";"5493006QMFDDMYWIAM13106015240U525";"";"";"";"EQ SWAP";"180.34000000";"";"Equity:PortfolioSwap:PriceReturnBasicPerformance:SingleName";""
"Termination";"1051_10011_U609_SWAPONE_SWAPSWAPONEEQSWP";"1051_10011_U609_SWAPONE_SWAP";"BDSD";"LONDON BRANCH";"SSAL13";"2025-12-08";"2026-11-03";"2026-11-03";"5444100.0";"";"mxContractEventIUNWIND";"Unwind";"dead";"5493006QMFDDMYWIAM13105110011U609";"";"";"";"EQ SWAP";"39.45000000";"";"Equity:PortfolioSwap:PriceReturnBasicPerformance:SingleName";""
"Termination";"1041_10101_U511_SWAPONE_SWAPSWAPONEEQSWP";"1041_10101_U511_SWAPONE_SWAP";"BDSD";"LONDON BRANCH";"00FLOO";"2026-04-01";"2027-01-04";"2027-01-04";"12046760";"";"mxContractEventIUNWIND";"Unwind";"dead";"5493006QMFDDMYWIAM13104110101U511";"";"";"";"EQ SWAP";"20.90000000";"";"Equity:PortfolioSwap:PriceReturnBasicPerformance:SingleName";""
"Termination";"1051_15703_U700_SWAPONE_SWAPSWAPONEEQSWP";"1051_15703_U700_SWAPONE_SWAP";"BDSD";"LONDON BRANCH";"SSAL13";"2025-12-26";"2026-11-03";"2026-11-03";"3634540.0";"";"mxContractEventIUNWIND";"Unwind";"dead";"5493006QMFDDMYWIAM13105115703U700";"";"";"";"EQ SWAP";"19.97000000";"";"Equity:PortfolioSwap:PriceReturnBasicPerformance:SingleName";""
"Termination";"1051_11284_U625_SWAPONE_SWAPSWAPONEEQSWP";"1051_11284_U625_SWAPONE_SWAP";"BDSD";"LONDON BRANCH";"SSAL13";"2025-12-09";"2026-11-03";"2026-11-03";"5560000.0";"";"mxContractEventIUNWIND";"Unwind";"dead";"5493006QMFDDMYWIAM13105111284U625";"";"";"";"EQ SWAP";"13.90000000";"";"Equity:PortfolioSwap:PriceReturnBasicPerformance:SingleName";""
"Termination";"1051_10022_U652_SWAPONE_SWAPSWAPONEEQSWP";"1051_10022_U652_SWAPONE_SWAP";"BDSD";"LONDON BRANCH";"SSAL13";"2025-12-17";"2026-11-03";"2026-11-03";"2761200.0";"";"mxContractEventIUNWIND";"Unwind";"dead";"5493006QMFDDMYWIAM13105110022U652";"";"";"";"EQ SWAP";"46.80000000";"";"Equity:PortfolioSwap:PriceReturnBasicPerformance:SingleName";""
"Termination";"1071_10042_U1066_SWAPONE_SWAPSWAPONEEQSWP";"1071_10042_U1066_SWAPONE_SWAP";"BDSD";"LONDON BRANCH";"FFASL1";"2026-03-13";"2027-02-02";"2027-02-02";"105760.0002";"";"mxContractEventIUNWIND";"Unwind";"dead";"5493006QMFDDMYWIAM13107110042U1066";"";"";"";"EQ SWAP";"55.66315800";"";"Equity:PortfolioSwap:PriceReturnBasicPerformance:SingleName";""
"Decrease";"1071_10042_U934_SWAPONE_SWAPSWAPONEEQSWP";"1071_10042_U934_SWAPONE_SWAP";"BDSD";"LONDON BRANCH";"00Y7RD";"2026-04-23";"2027-02-02";"2027-02-02";"292708.0";"";"mxContractEventIRESTRUCTURE";"Restructure";"live";"5493006QMFDDMYWIAM13107110042U934";"";"5493006QMFDDMYWIAM131071_10042_U1214";"";"EQ SWAP";"56.29000000";"";"Equity:PortfolioSwap:PriceReturnBasicPerformance:SingleName";""
"Termination";"1051_10305_U1062_SWAPONE_SWAPSWAPONEEQSWP";"1051_10305_U1062_SWAPONE_SWAP";"BDSD";"LONDON BRANCH";"SSAL13";"2026-03-12";"2026-11-03";"2026-11-03";"825600.0";"";"mxContractEventIUNWIND";"Unwind";"dead";"5493006QMFDDMYWIAM13105110305U1062";"";"";"";"EQ SWAP";"27.52000000";"";"Equity:PortfolioSwap:PriceReturnBasicPerformance:SingleName";""
"Termination";"1016_11687_U340_SWAPONE_SWAPSWAPONEEQSWP";"1016_11687_U340_SWAPONE_SWAP";"BDSD";"LONDON BRANCH";"FPFL12";"2025-05-08";"2026-01-20";"2026-01-20";"710508.0";"";"mxContractEventIUNWIND";"Unwind";"dead";"5493006QMFDDMYWIAM13101611687U340";"";"";"";"EQ SWAP";"7.10508000";"";"Equity:PortfolioSwap:PriceReturnBasicPerformance:SingleName";""
"Termination";"1070_13501_U1081_SWAPONE_SWAPSWAPONEEQSWP";"1070_13501_U1081_SWAPONE_SWAP";"BDSD";"LONDON BRANCH";"FPFL12";"2026-03-24";"2027-02-02";"2027-02-02";"2901.8991985254";"";"mxContractEventIUNWIND";"Unwind";"dead";"5493006QMFDDMYWIAM13107013501U1081";"";"";"";"EQ SWAP";"14.43730945";"";"Equity:PortfolioSwap:PriceReturnBasicPerformance:SingleName";""
"Termination";"1016_10022_U395_SWAPONE_SWAPSWAPONEEQSWP";"1016_10022_U395_SWAPONE_SWAP";"BDSD";"LONDON BRANCH";"FPFL12";"2025-06-03";"2026-01-20";"2026-01-20";"4723.0";"";"mxContractEventIUNWIND";"Unwind";"dead";"5493006QMFDDMYWIAM13101610022U395";"";"";"";"EQ SWAP";"47.23000000";"";"Equity:PortfolioSwap:PriceReturnBasicPerformance:SingleName";""
"Termination";"1016_10062_U909_SWAPONE_SWAPSWAPONEEQSWP";"1016_10062_U909_SWAPONE_SWAP";"BDSD";"LONDON BRANCH";"FPFL12";"2026-01-29";"2026-05-04";"2026-05-04";"2151623.0";"";"mxContractEventIUNWIND";"Unwind";"dead";"5493006QMFDDMYWIAM13101610062U909";"";"";"";"EQ SWAP";"21.51623000";"";"Equity:PortfolioSwap:PriceReturnBasicPerformance:SingleName";""
"Termination";"1044_10075_U1146_SWAPONE_SWAPSWAPONEEQSWP";"1044_10075_U1146_SWAPONE_SWAP";"BDSD";"LONDON BRANCH";"TZY1";"2026-04-10";"2026-08-05";"2026-08-05";"81375000";"";"mxContractEventIUNWIND";"Unwind";"dead";"5493006QMFDDMYWIAM13104410075U1146";"";"";"";"EQ SWAP";"65.10000000";"";"Equity:PortfolioSwap:PriceReturnBasicPerformance:SingleName";""
"Termination";"1063_14901_U861_SWAPONE_SWAPSWAPONEEQSWP";"1063_14901_U861_SWAPONE_SWAP";"BDSD";"LONDON BRANCH";"TZY1";"2026-01-21";"2026-11-13";"2026-11-13";"35280253.47";"";"mxContractEventIUNWIND";"Unwind";"dead";"5493006QMFDDMYWIAM13106314901U861";"";"";"";"EQ SWAP";"179.61000000";"";"Equity:PortfolioSwap:PriceReturnBasicPerformance:SingleName";""
"Termination";"1051_11500_U1068_SWAPONE_SWAPSWAPONEEQSWP";"1051_11500_U1068_SWAPONE_SWAP";"BDSD";"LONDON BRANCH";"SSAL13";"2026-03-13";"2026-11-03";"2026-11-03";"5175204.0";"";"mxContractEventIUNWIND";"Unwind";"dead";"5493006QMFDDMYWIAM13105111500U1068";"";"";"";"EQ SWAP";"10.35040800";"";"Equity:PortfolioSwap:PriceReturnBasicPerformance:SingleName";""
"Termination";"1016_10501_U187_SWAPONE_SWAPSWAPONEEQSWP";"1016_10501_U187_SWAPONE_SWAP";"BDSD";"LONDON BRANCH";"FPFL12";"2025-03-31";"2026-01-20";"2026-01-20";"123096.9984";"";"mxContractEventIUNWIND";"Unwind";"dead";"5493006QMFDDMYWIAM13101610501U187";"";"";"";"EQ SWAP";"9.61695300";"";"Equity:PortfolioSwap:PriceReturnBasicPerformance:SingleName";""
"Cancel";"1030_11488_U575_SWAPONE_SWAPSWAPONEEQSWP";"1030_11488_U575_SWAPONE_SWAP";"BDSD";"LONDON BRANCH";"00XMFC";"2025-11-11";"2026-02-03";"2026-02-03";"73439.0";"";"mxContractEventIUNWIND";"Cancel";"Dead";"5493006QMFDDMYWIAM13103011488U575";"";"5493006QMFDDMYWIAM131030_11488_U572";"";"EQ SWAP";"31.93000000";"";"Equity:PortfolioSwap:PriceReturnBasicPerformance:SingleName";""
"Termination";"1044_10006_U1030_SWAPONE_SWAPSWAPONEEQSWP";"1044_10006_U1030_SWAPONE_SWAP";"BDSD";"LONDON BRANCH";"00ZICE";"2026-04-06";"2026-08-05";"2026-08-05";"13115000";"";"mxContractEventIUNWIND";"Unwind";"dead";"5493006QMFDDMYWIAM13104410006U1030";"";"5493006QMFDDMYWIAM131044_10006_U1122";"";"EQ SWAP";"5.24600000";"";"Equity:PortfolioSwap:PriceReturnBasicPerformance:SingleName";""
"Termination";"1016_10816_U306_SWAPONE_SWAPSWAPONEEQSWP";"1016_10816_U306_SWAPONE_SWAP";"BDSD";"LONDON BRANCH";"FPFL12";"2025-03-25";"2026-01-20";"2026-01-20";"2190000.0";"";"mxContractEventIUNWIND";"Unwind";"dead";"5493006QMFDDMYWIAM13101610816U306";"";"";"";"EQ SWAP";"87.60000000";"";"Equity:PortfolioSwap:PriceReturnBasicPerformance:SingleName";""
"Termination";"1016_10765_U854_SWAPONE_SWAPSWAPONEEQSWP";"1016_10765_U854_SWAPONE_SWAP";"BDSD";"LONDON BRANCH";"FPFL12";"2026-01-16";"2026-05-04";"2026-05-04";"361624.998";"";"mxContractEventIUNWIND";"Unwind";"dead";"5493006QMFDDMYWIAM13101610765U854";"";"";"";"EQ SWAP";"3.69005100";"";"Equity:PortfolioSwap:PriceReturnBasicPerformance:SingleName";""
"Termination";"1016_10762_U344_SWAPONE_SWAPSWAPONEEQSWP";"1016_10762_U344_SWAPONE_SWAP";"BDSD";"LONDON BRANCH";"FPFL12";"2025-05-27";"2026-01-20";"2026-01-20";"306223.0";"";"mxContractEventIUNWIND";"Unwind";"dead";"5493006QMFDDMYWIAM13101610762U344";"";"";"";"EQ SWAP";"30.62230000";"";"Equity:PortfolioSwap:PriceReturnBasicPerformance:SingleName";""
"Termination";"1016_10052_U335_SWAPONE_SWAPSWAPONEEQSWP";"1016_10052_U335_SWAPONE_SWAP";"BDSD";"LONDON BRANCH";"FPFL12";"2025-04-30";"2026-01-20";"2026-01-20";"2217872.9999985";"";"mxContractEventIUNWIND";"Unwind";"dead";"5493006QMFDDMYWIAM13101610052U335";"";"";"";"EQ SWAP";"34.12112308";"";"Equity:PortfolioSwap:PriceReturnBasicPerformance:SingleName";""
"Termination";"1051_10022_U800_SWAPONE_SWAPSWAPONEEQSWP";"1051_10022_U800_SWAPONE_SWAP";"BDSD";"LONDON BRANCH";"SSAL13";"2026-01-05";"2026-11-03";"2026-11-03";"1452660.0";"";"mxContractEventIUNWIND";"Unwind";"dead";"5493006QMFDDMYWIAM13105110022U800";"";"";"";"EQ SWAP";"46.86000000";"";"Equity:PortfolioSwap:PriceReturnBasicPerformance:SingleName";""
"Termination";"1051_10058_U681_SWAPONE_SWAPSWAPONEEQSWP";"1051_10058_U681_SWAPONE_SWAP";"BDSD";"LONDON BRANCH";"SSAL13";"2025-12-23";"2026-11-03";"2026-11-03";"4356850.0";"";"mxContractEventIUNWIND";"Unwind";"dead";"5493006QMFDDMYWIAM13105110058U681";"";"";"";"EQ SWAP";"11.03000000";"";"Equity:PortfolioSwap:PriceReturnBasicPerformance:SingleName";""
"Termination";"1016_10084_U556_SWAPONE_SWAPSWAPONEEQSWP";"1016_10084_U556_SWAPONE_SWAP";"BDSD";"LONDON BRANCH";"FPFL12";"2025-11-14";"2026-01-20";"2026-01-20";"1536406.999998";"";"mxContractEventIUNWIND";"Unwind";"dead";"5493006QMFDDMYWIAM13101610084U556";"";"";"";"EQ SWAP";"25.60678333";"";"Equity:PortfolioSwap:PriceReturnBasicPerformance:SingleName";""
"Termination";"1030_10044_U345_SWAPONE_SWAPSWAPONEEQSWP";"1030_10044_U345_SWAPONE_SWAP";"BDSD";"LONDON BRANCH";"FFASL1";"2025-05-08";"2026-02-03";"2026-02-03";"113869.0014";"";"mxContractEventIUNWIND";"Unwind";"dead";"5493006QMFDDMYWIAM13103010044U345";"";"";"";"EQ SWAP";"17.25287900";"";"Equity:PortfolioSwap:PriceReturnBasicPerformance:SingleName";""
"Increase";"1070_10020_U924_SWAPONE_SWAPSWAPONEEQSWP";"1070_10020_U924_SWAPONE_SWAP";"BDSD";"LONDON BRANCH";"FPFL12";"2026-04-09";"2027-02-02";"2027-02-02";"943725.99999494";"";"mxContractEventIRESTRUCTURE";"Restructure";"live";"5493006QMFDDMYWIAM13107010020U924";"";"";"";"EQ SWAP";"7.95721754";"";"Equity:PortfolioSwap:PriceReturnBasicPerformance:SingleName";""
"Termination";"1051_10865_U875_SWAPONE_SWAPSWAPONEEQSWP";"1051_10865_U875_SWAPONE_SWAP";"BDSD";"LONDON BRANCH";"SSAL13";"2026-01-22";"2026-11-03";"2026-11-03";"33047.9994";"";"mxContractEventIUNWIND";"Unwind";"dead";"5493006QMFDDMYWIAM13105110865U875";"";"";"";"EQ SWAP";"12.71076900";"";"Equity:PortfolioSwap:PriceReturnBasicPerformance:SingleName";""
"Termination";"1051_10007_U651_SWAPONE_SWAPSWAPONEEQSWP";"1051_10007_U651_SWAPONE_SWAP";"BDSD";"LONDON BRANCH";"SSAL13";"2025-12-17";"2026-11-03";"2026-11-03";"2772060.0";"";"mxContractEventIUNWIND";"Unwind";"dead";"5493006QMFDDMYWIAM13105110007U651";"";"";"";"EQ SWAP";"19.66000000";"";"Equity:PortfolioSwap:PriceReturnBasicPerformance:SingleName";""
"Termination";"1016_13303_U332_SWAPONE_SWAPSWAPONEEQSWP";"1016_13303_U332_SWAPONE_SWAP";"BDSD";"LONDON BRANCH";"FPFL12";"2025-04-30";"2026-01-20";"2026-01-20";"2387615.0";"";"mxContractEventIUNWIND";"Unwind";"dead";"5493006QMFDDMYWIAM13101613303U332";"";"";"";"EQ SWAP";"11.93807500";"";"Equity:PortfolioSwap:PriceReturnBasicPerformance:SingleName";""
"Termination";"1044_10038_U532_SWAPONE_SWAPSWAPONEEQSWP";"1044_10038_U532_SWAPONE_SWAP";"BDSD";"LONDON BRANCH";"00ZICD";"2026-01-29";"2026-08-05";"2026-08-05";"18081442.19997444";"";"mxContractEventIUNWIND";"Unwind";"dead";"5493006QMFDDMYWIAM13104410038U532";"";"5493006QMFDDMYWIAM131044_10038_U917";"";"EQ SWAP";"33.65429337";"";"Equity:PortfolioSwap:PriceReturnBasicPerformance:SingleName";""
"Termination";"1074_15221_U1022_SWAPONE_SWAPSWAPONEEQSWP";"1074_15221_U1022_SWAPONE_SWAP";"BDSD";"LONDON BRANCH";"SSAL13";"2026-02-26";"2027-02-26";"2027-02-26";"4249814.355";"";"mxContractEventIUNWIND";"Unwind";"dead";"5493006QMFDDMYWIAM13107415221U1022";"";"";"";"EQ SWAP";"283.32095700";"";"Equity:PortfolioSwap:PriceReturnBasicPerformance:SingleName";""
"Termination";"1016_13801_U418_SWAPONE_SWAPSWAPONEEQSWP";"1016_13801_U418_SWAPONE_SWAP";"BDSD";"LONDON BRANCH";"FPFL12";"2025-06-24";"2025-07-09";"2025-07-09";"1182826.0";"";"mxContractEventIRESTRUCTURE";"Cancel";"dead";"5493006QMFDDMYWIAM13101613801U418";"";"";"";"EQ SWAP";"9.50000000";"";"Equity:PortfolioSwap:PriceReturnBasicPerformance:SingleName";""
"Termination";"1051_10042_U919_SWAPONE_SWAPSWAPONEEQSWP";"1051_10042_U919_SWAPONE_SWAP";"BDSD";"LONDON BRANCH";"SSAL13";"2026-01-30";"2026-11-03";"2026-11-03";"6081.0";"";"mxContractEventIUNWIND";"Unwind";"dead";"5493006QMFDDMYWIAM13105110042U919";"";"";"";"EQ SWAP";"60.81000000";"";"Equity:PortfolioSwap:PriceReturnBasicPerformance:SingleName";""
"Termination";"1071_11488_U1129_SWAPONE_SWAPSWAPONEEQSWP";"1071_11488_U1129_SWAPONE_SWAP";"BDSD";"LONDON BRANCH";"FFASL1";"2026-04-08";"2027-02-02";"2027-02-02";"203732.9964";"";"mxContractEventIUNWIND";"Unwind";"dead";"5493006QMFDDMYWIAM13107111488U1129";"";"";"";"EQ SWAP";"27.53148600";"";"Equity:PortfolioSwap:PriceReturnBasicPerformance:SingleName";""
"Termination";"1063_14901_U860_SWAPONE_SWAPSWAPONEEQSWP";"1063_14901_U860_SWAPONE_SWAP";"BDSD";"LONDON BRANCH";"00ZICE";"2026-01-20";"2026-11-13";"2026-11-13";"684806999.0499884";"";"mxContractEventIUNWIND";"Unwind";"dead";"5493006QMFDDMYWIAM13106314901U860";"";"5493006QMFDDMYWIAM131063_14901_U856";"";"EQ SWAP";"175.43333334";"";"Equity:PortfolioSwap:PriceReturnBasicPerformance:SingleName";""
"Termination";"1053_10007_U848_SWAPONE_SWAPSWAPONEEQSWP";"1053_10007_U848_SWAPONE_SWAP";"BDSD";"LONDON BRANCH";"FPFL12";"2026-01-16";"2026-07-08";"2026-07-08";"3097021.05";"";"mxContractEventIUNWIND";"Unwind";"dead";"5493006QMFDDMYWIAM13105310007U848";"";"";"";"EQ SWAP";"20.64680700";"";"Equity:PortfolioSwap:PriceReturnBasicPerformance:SingleName";""
"Decrease";"1051_10022_U970_SWAPONE_SWAPSWAPONEEQSWP";"1051_10022_U970_SWAPONE_SWAP";"BDSD";"LONDON BRANCH";"SSAL13";"2026-02-09";"2026-11-03";"2026-11-03";"771472.995";"";"mxContractEventIUNWIND";"Unwind";"dead";"5493006QMFDDMYWIAM13105110022U970";"";"";"";"EQ SWAP";"51.43153300";"";"Equity:PortfolioSwap:PriceReturnBasicPerformance:SingleName";""
"Termination";"1051_10027_U1064_SWAPONE_SWAPSWAPONEEQSWP";"1051_10027_U1064_SWAPONE_SWAP";"BDSD";"LONDON BRANCH";"SSAL13";"2026-03-12";"2026-11-03";"2026-11-03";"5634968.95";"";"mxContractEventIUNWIND";"Unwind";"dead";"5493006QMFDDMYWIAM13105110027U1064";"";"";"";"EQ SWAP";"48.99973000";"";"Equity:PortfolioSwap:PriceReturnBasicPerformance:SingleName";""
"Decrease";"1071_10060_U931_SWAPONE_SWAPSWAPONEEQSWP";"1071_10060_U931_SWAPONE_SWAP";"BDSD";"LONDON BRANCH";"00Y7RD";"2026-04-23";"2027-02-02";"2027-02-02";"94338.0";"";"mxContractEventIRESTRUCTURE";"Restructure";"live";"5493006QMFDDMYWIAM13107110060U931";"";"5493006QMFDDMYWIAM131071_10060_U1218";"";"EQ SWAP";"34.94000000";"";"Equity:PortfolioSwap:PriceReturnBasicPerformance:SingleName";""
"Termination";"1071_10055_U1188_SWAPONE_SWAPSWAPONEEQSWP";"1071_10055_U1188_SWAPONE_SWAP";"BDSD";"LONDON BRANCH";"FFASL1";"2026-04-15";"2027-02-02";"2027-02-02";"12210.0";"";"mxContractEventIUNWIND";"Unwind";"dead";"5493006QMFDDMYWIAM13107110055U1188";"";"";"";"EQ SWAP";"40.70000000";"";"Equity:PortfolioSwap:PriceReturnBasicPerformance:SingleName";""
"Termination";"1044_10006_U1122_SWAPONE_SWAPSWAPONEEQSWP";"1044_10006_U1122_SWAPONE_SWAP";"BDSD";"LONDON BRANCH";"TZY1";"2026-04-06";"2026-08-05";"2026-08-05";"12525000";"";"mxContractEventIUNWIND";"Unwind";"dead";"5493006QMFDDMYWIAM13104410006U1122";"";"";"";"EQ SWAP";"5.01000000";"";"Equity:PortfolioSwap:PriceReturnBasicPerformance:SingleName";""
"Termination";"1071_10021_U1219_SWAPONE_SWAPSWAPONEEQSWP";"1071_10021_U1219_SWAPONE_SWAP";"BDSD";"LONDON BRANCH";"FFASL1";"2026-04-23";"2027-02-02";"2027-02-02";"17019.0";"";"mxContractEventIUNWIND";"Unwind";"dead";"5493006QMFDDMYWIAM13107110021U1219";"";"";"";"EQ SWAP";"18.91000000";"";"Equity:PortfolioSwap:PriceReturnBasicPerformance:SingleName";""
"Termination";"1051_10081_U1097_SWAPONE_SWAPSWAPONEEQSWP";"1051_10081_U1097_SWAPONE_SWAP";"BDSD";"LONDON BRANCH";"SSAL13";"2026-03-24";"2026-11-03";"2026-11-03";"18684639.8544";"";"mxContractEventIUNWIND";"Unwind";"dead";"5493006QMFDDMYWIAM13105110081U1097";"";"";"";"EQ SWAP";"47.27894700";"";"Equity:PortfolioSwap:PriceReturnBasicPerformance:SingleName";""
"Termination";"1044_10049_U640_SWAPONE_SWAPSWAPONEEQSWP";"1044_10049_U640_SWAPONE_SWAP";"BDSD";"LONDON BRANCH";"00ZICB";"2026-04-07";"2026-08-05";"2026-08-05";"4791874.93";"";"mxContractEventIUNWIND";"Unwind";"dead";"5493006QMFDDMYWIAM13104410049U640";"";"5493006QMFDDMYWIAM131044_10049_U1125";"";"EQ SWAP";"25.51000000";"";"Equity:PortfolioSwap:PriceReturnBasicPerformance:SingleName";""
"Termination";"1030_10005_U504_SWAPONE_SWAPSWAPONEEQSWP";"1030_10005_U504_SWAPONE_SWAP";"BDSD";"LONDON BRANCH";"00Y7RD";"2025-09-23";"2026-02-03";"2026-02-03";"494208.0";"";"mxContractEventIUNWIND";"Unwind";"dead";"5493006QMFDDMYWIAM13103010005U504";"";"";"";"EQ SWAP";"21.12000000";"";"Equity:PortfolioSwap:PriceReturnBasicPerformance:SingleName";""
"Termination";"1016_10044_U329_SWAPONE_SWAPSWAPONEEQSWP";"1016_10044_U329_SWAPONE_SWAP";"BDSD";"LONDON BRANCH";"FPFL12";"2025-04-10";"2026-01-20";"2026-01-20";"27221.3669";"";"mxContractEventIUNWIND";"Cancel";"dead";"5493006QMFDDMYWIAM13101610044U329";"";"";"";"EQ SWAP";"20.93951300";"";"Equity:PortfolioSwap:PriceReturnBasicPerformance:SingleName";""
"Termination";"1016_10010_U411_SWAPONE_SWAPSWAPONEEQSWP";"1016_10010_U411_SWAPONE_SWAP";"BDSD";"LONDON BRANCH";"FPFL12";"2025-06-09";"2026-01-20";"2026-01-20";"7296187.038";"";"mxContractEventIUNWIND";"Unwind";"dead";"5493006QMFDDMYWIAM13101610010U411";"";"";"";"EQ SWAP";"38.89225500";"";"Equity:PortfolioSwap:PriceReturnBasicPerformance:SingleName";""
"Termination";"1016_10038_U349_SWAPONE_SWAPSWAPONEEQSWP";"1016_10038_U349_SWAPONE_SWAP";"BDSD";"LONDON BRANCH";"FPFL12";"2025-05-21";"2026-01-20";"2026-01-20";"442704.0";"";"mxContractEventIUNWIND";"Unwind";"dead";"5493006QMFDDMYWIAM13101610038U349";"";"";"";"EQ SWAP";"2.76000000";"";"Equity:PortfolioSwap:PriceReturnBasicPerformance:SingleName";""
"Termination";"1045_14935_U334_SWAPONE_SWAPSWAPONEEQSWP";"1045_14935_U334_SWAPONE_SWAP";"BDSD";"LONDON BRANCH";"00FLOO";"2025-04-24";"2026-04-13";"2026-04-13";"734100.0";"";"mxContractEventIUNWIND";"Unwind";"dead";"5493006QMFDDMYWIAM13104514935U334";"";"";"";"EQ SWAP";"7341.00000000";"";"Equity:PortfolioSwap:PriceReturnBasicPerformance:SingleName";""
"Termination";"1030_11488_U432_SWAPONE_SWAPSWAPONEEQSWP";"1030_11488_U432_SWAPONE_SWAP";"BDSD";"LONDON BRANCH";"FFASL1";"2025-07-16";"2026-02-03";"2026-02-03";"1645800.0";"";"mxContractEventIUNWIND";"Unwind";"dead";"5493006QMFDDMYWIAM13103011488U432";"";"";"";"EQ SWAP";"25.32000000";"";"Equity:PortfolioSwap:PriceReturnBasicPerformance:SingleName";""
"Decrease";"1051_10765_U1134_SWAPONE_SWAPSWAPONEEQSWP";"1051_10765_U1134_SWAPONE_SWAP";"BDSD";"LONDON BRANCH";"SSAL13";"2026-04-08";"2026-11-03";"2026-11-03";"1141362.9";"";"mxContractEventIUNWIND";"Unwind";"dead";"5493006QMFDDMYWIAM13105110765U1134";"";"";"";"EQ SWAP";"3.80454300";"";"Equity:PortfolioSwap:PriceReturnBasicPerformance:SingleName";""
"Termination";"1070_11484_U923_SWAPONE_SWAPSWAPONEEQSWP";"1070_11484_U923_SWAPONE_SWAP";"BDSD";"LONDON BRANCH";"FPFL12";"2026-02-04";"2027-02-02";"2027-02-02";"1104000.0";"";"mxContractEventIUNWIND";"Unwind";"dead";"5493006QMFDDMYWIAM13107011484U923";"";"";"";"EQ SWAP";"27.60000000";"";"Equity:PortfolioSwap:PriceReturnBasicPerformance:SingleName";""
"Termination";"1065_16301_U619_SWAPONE_SWAPSWAPONEEQSWP";"1065_16301_U619_SWAPONE_SWAP";"BDSD";"LONDON BRANCH";"00YRB9";"2025-12-08";"2026-12-10";"2026-12-10";"2750000.0";"";"mxContractEventIUNWIND";"Unwind";"dead";"5493006QMFDDMYWIAM13106516301U619";"";"5493006QMFDDMYWIAM131065_16301_U618";"";"EQ SWAP";"2.75000000";"";"Equity:PortfolioSwap:PriceReturnBasicPerformance:SingleName";""
"Termination";"1030_10007_U297_SWAPONE_SWAPSWAPONEEQSWP";"1030_10007_U297_SWAPONE_SWAP";"BDSD";"LONDON BRANCH";"00Y7RD";"2025-05-30";"2026-02-03";"2026-02-03";"87815.0";"";"mxContractEventIUNWIND";"Unwind";"dead";"5493006QMFDDMYWIAM13103010007U297";"";"5493006QMFDDMYWIAM131030_10007_U369";"";"EQ SWAP";"13.51000000";"";"Equity:PortfolioSwap:PriceReturnBasicPerformance:SingleName";""
"Termination";"1044_10007_U1107_SWAPONE_SWAPSWAPONEEQSWP";"1044_10007_U1107_SWAPONE_SWAP";"BDSD";"LONDON BRANCH";"TZY1";"2026-03-31";"2026-08-05";"2026-08-05";"49080000";"";"mxContractEventIUNWIND";"Unwind";"dead";"5493006QMFDDMYWIAM13104410007U1107";"";"";"";"EQ SWAP";"24.54000000";"";"Equity:PortfolioSwap:PriceReturnBasicPerformance:SingleName";""
"Termination";"1044_10064_U806_SWAPONE_SWAPSWAPONEEQSWP";"1044_10064_U806_SWAPONE_SWAP";"BDSD";"LONDON BRANCH";"00ZICE";"2026-03-05";"2026-08-05";"2026-08-05";"13220000";"";"mxContractEventIUNWIND";"Unwind";"dead";"5493006QMFDDMYWIAM13104410064U806";"";"5493006QMFDDMYWIAM131044_10064_U1043";"";"EQ SWAP";"26.44000000";"";"Equity:PortfolioSwap:PriceReturnBasicPerformance:SingleName";""
"Termination";"1044_10075_U552_SWAPONE_SWAPSWAPONEEQSWP";"1044_10075_U552_SWAPONE_SWAP";"BDSD";"LONDON BRANCH";"007Y6R";"2026-04-08";"2026-08-05";"2026-08-05";"4384508.72";"";"mxContractEventIUNWIND";"Unwind";"dead";"5493006QMFDDMYWIAM13104410075U552";"";"5493006QMFDDMYWIAM131044_10075_U1130";"";"EQ SWAP";"59.48000000";"";"Equity:PortfolioSwap:PriceReturnBasicPerformance:SingleName";""
"Termination";"1051_10055_U999_SWAPONE_SWAPSWAPONEEQSWP";"1051_10055_U999_SWAPONE_SWAP";"BDSD";"LONDON BRANCH";"SSAL13";"2026-02-19";"2026-11-03";"2026-11-03";"2221676.0";"";"mxContractEventIUNWIND";"Unwind";"dead";"5493006QMFDDMYWIAM13105110055U999";"";"";"";"EQ SWAP";"44.43352000";"";"Equity:PortfolioSwap:PriceReturnBasicPerformance:SingleName";""
"Termination";"1051_10021_U1136_SWAPONE_SWAPSWAPONEEQSWP";"1051_10021_U1136_SWAPONE_SWAP";"BDSD";"LONDON BRANCH";"SSAL13";"2026-04-09";"2026-11-03";"2026-11-03";"3437328.06";"";"mxContractEventIUNWIND";"Unwind";"dead";"5493006QMFDDMYWIAM13105110021U1136";"";"";"";"EQ SWAP";"19.09626700";"";"Equity:PortfolioSwap:PriceReturnBasicPerformance:SingleName";""
"Termination";"1051_10027_U1050_SWAPONE_SWAPSWAPONEEQSWP";"1051_10027_U1050_SWAPONE_SWAP";"BDSD";"LONDON BRANCH";"SSAL13";"2026-03-09";"2026-11-03";"2026-11-03";"919797.996";"";"mxContractEventIUNWIND";"Unwind";"dead";"5493006QMFDDMYWIAM13105110027U1050";"";"";"";"EQ SWAP";"47.16912800";"";"Equity:PortfolioSwap:PriceReturnBasicPerformance:SingleName";""
"Termination";"1051_11415_U709_SWAPONE_SWAPSWAPONEEQSWP";"1051_11415_U709_SWAPONE_SWAP";"BDSD";"LONDON BRANCH";"SSAL13";"2025-12-29";"2026-11-03";"2026-11-03";"3774480.0";"";"mxContractEventIUNWIND";"Unwind";"dead";"5493006QMFDDMYWIAM13105111415U709";"";"";"";"EQ SWAP";"157.27000000";"";"Equity:PortfolioSwap:PriceReturnBasicPerformance:SingleName";""
"Termination";"1051_11183_U1036_SWAPONE_SWAPSWAPONEEQSWP";"1051_11183_U1036_SWAPONE_SWAP";"BDSD";"LONDON BRANCH";"SSAL13";"2026-03-04";"2026-11-03";"2026-11-03";"1084311.0";"";"mxContractEventICANCEL";"Cancel";"dead";"5493006QMFDDMYWIAM13105111183U1036";"";"";"";"EQ SWAP";"11.19000000";"";"Equity:PortfolioSwap:PriceReturnBasicPerformance:SingleName";""
"Termination";"1071_10055_U1197_SWAPONE_SWAPSWAPONEEQSWP";"1071_10055_U1197_SWAPONE_SWAP";"BDSD";"LONDON BRANCH";"FFASL1";"2026-04-17";"2027-02-02";"2027-02-02";"12024.0";"";"mxContractEventIUNWIND";"Unwind";"dead";"5493006QMFDDMYWIAM13107110055U1197";"";"";"";"EQ SWAP";"40.08000000";"";"Equity:PortfolioSwap:PriceReturnBasicPerformance:SingleName";""
"Termination";"1051_10027_U615_SWAPONE_SWAPSWAPONEEQSWP";"1051_10027_U615_SWAPONE_SWAP";"BDSD";"LONDON BRANCH";"00YRB9";"2026-04-22";"2026-11-03";"2026-11-03";"30310520.13";"";"mxContractEventIUNWIND";"Unwind";"dead";"5493006QMFDDMYWIAM13105110027U615";"";"5493006QMFDDMYWIAM131051_10027_U1210";"";"EQ SWAP";"53.91000000";"";"Equity:PortfolioSwap:PriceReturnBasicPerformance:SingleName";""
"Termination";"1051_10042_U594_SWAPONE_SWAPSWAPONEEQSWP";"1051_10042_U594_SWAPONE_SWAP";"BDSD";"LONDON BRANCH";"SSAL13";"2025-11-26";"2026-11-03";"2026-11-03";"2793087.36";"";"mxContractEventIUNWIND";"Unwind";"dead";"5493006QMFDDMYWIAM13105110042U594";"";"";"";"EQ SWAP";"51.84000000";"";"Equity:PortfolioSwap:PriceReturnBasicPerformance:SingleName";""
"Decrease";"1051_10765_U1118_SWAPONE_SWAPSWAPONEEQSWP";"1051_10765_U1118_SWAPONE_SWAP";"BDSD";"LONDON BRANCH";"SSAL13";"2026-04-02";"2026-11-03";"2026-11-03";"2519099.1";"";"mxContractEventIUNWIND";"Unwind";"dead";"5493006QMFDDMYWIAM13105110765U1118";"";"";"";"EQ SWAP";"3.59871300";"";"Equity:PortfolioSwap:PriceReturnBasicPerformance:SingleName";""
"Decrease";"1071_11488_U938_SWAPONE_SWAPSWAPONEEQSWP";"1071_11488_U938_SWAPONE_SWAP";"BDSD";"LONDON BRANCH";"00Y7RD";"2026-04-23";"2027-02-02";"2027-02-02";"1466506.0";"";"mxContractEventIRESTRUCTURE";"Restructure";"live";"5493006QMFDDMYWIAM13107111488U938";"";"5493006QMFDDMYWIAM131071_11488_U1212";"";"EQ SWAP";"25.91000000";"";"Equity:PortfolioSwap:PriceReturnBasicPerformance:SingleName";""
"Termination";"1070_16507_U922_SWAPONE_SWAPSWAPONEEQSWP";"1070_16507_U922_SWAPONE_SWAP";"BDSD";"LONDON BRANCH";"FPFL12";"2026-02-10";"2027-02-02";"2027-02-02";"427.12";"";"mxContractEventIUNWIND";"Unwind";"dead";"5493006QMFDDMYWIAM13107016507U922";"";"";"";"EQ SWAP";"22.48000000";"";"Equity:PortfolioSwap:PriceReturnBasicPerformance:SingleName";""
"Termination";"1051_10927_U791_SWAPONE_SWAPSWAPONEEQSWP";"1051_10927_U791_SWAPONE_SWAP";"BDSD";"LONDON BRANCH";"SSAL13";"2026-01-02";"2026-11-03";"2026-11-03";"3139230.0";"";"mxContractEventIUNWIND";"Unwind";"dead";"5493006QMFDDMYWIAM13105110927U791";"";"";"";"EQ SWAP";"11.67000000";"";"Equity:PortfolioSwap:PriceReturnBasicPerformance:SingleName";""
"Termination";"1030_10052_U300_SWAPONE_SWAPSWAPONEEQSWP";"1030_10052_U300_SWAPONE_SWAP";"BDSD";"LONDON BRANCH";"00Y7RD";"2025-05-30";"2026-02-03";"2026-02-03";"106837.99920026";"";"mxContractEventIUNWIND";"Unwind";"dead";"5493006QMFDDMYWIAM13103010052U300";"";"5493006QMFDDMYWIAM131030_10052_U372";"";"EQ SWAP";"36.84068938";"";"Equity:PortfolioSwap:PriceReturnBasicPerformance:SingleName";""
"Termination";"1071_11488_U1059_SWAPONE_SWAPSWAPONEEQSWP";"1071_11488_U1059_SWAPONE_SWAP";"BDSD";"LONDON BRANCH";"FFASL1";"2026-03-12";"2027-02-02";"2027-02-02";"157145.0028";"";"mxContractEventIUNWIND";"Unwind";"dead";"5493006QMFDDMYWIAM13107111488U1059";"";"";"";"EQ SWAP";"27.09396600";"";"Equity:PortfolioSwap:PriceReturnBasicPerformance:SingleName";""
"Termination";"1044_16207_U678_SWAPONE_SWAPSWAPONEEQSWP";"1044_16207_U678_SWAPONE_SWAP";"BDSD";"LONDON BRANCH";"00ZICG";"2026-01-05";"2026-08-05";"2026-08-05";"0.0";"";"mxContractEventIUNWIND";"Unwind";"dead";"5493006QMFDDMYWIAM13104416207U678";"";"5493006QMFDDMYWIAM131044_16207_U801";"";"EQ SWAP";"0";"";"Equity:PortfolioSwap:PriceReturnBasicPerformance:SingleName";""
"Termination";"1051_10311_U730_SWAPONE_SWAPSWAPONEEQSWP";"1051_10311_U730_SWAPONE_SWAP";"BDSD";"LONDON BRANCH";"SSAL13";"2025-12-30";"2026-11-03";"2026-11-03";"1619950.0";"";"mxContractEventIUNWIND";"Unwind";"dead";"5493006QMFDDMYWIAM13105110311U730";"";"";"";"EQ SWAP";"8.95000000";"";"Equity:PortfolioSwap:PriceReturnBasicPerformance:SingleName";""
"Termination";"1016_10010_U401_SWAPONE_SWAPSWAPONEEQSWP";"1016_10010_U401_SWAPONE_SWAP";"BDSD";"LONDON BRANCH";"FPFL12";"2025-06-09";"2026-01-20";"2026-01-20";"7296187.038";"";"mxContractEventIUNWIND";"Unwind";"dead";"5493006QMFDDMYWIAM13101610010U401";"";"";"";"EQ SWAP";"77.78451000";"";"Equity:PortfolioSwap:PriceReturnBasicPerformance:SingleName";""
"Termination";"1051_11473_U941_SWAPONE_SWAPSWAPONEEQSWP";"1051_11473_U941_SWAPONE_SWAP";"BDSD";"LONDON BRANCH";"SSAL13";"2026-02-03";"2026-11-03";"2026-11-03";"3245000.0";"";"mxContractEventIUNWIND";"Unwind";"dead";"5493006QMFDDMYWIAM13105111473U941";"";"";"";"EQ SWAP";"32.45000000";"";"Equity:PortfolioSwap:PriceReturnBasicPerformance:SingleName";""
"Termination";"1044_10049_U1125_SWAPONE_SWAPSWAPONEEQSWP";"1044_10049_U1125_SWAPONE_SWAP";"BDSD";"LONDON BRANCH";"TZY1";"2026-04-07";"2026-08-05";"2026-08-05";"63400000";"";"mxContractEventIUNWIND";"Unwind";"dead";"5493006QMFDDMYWIAM13104410049U1125";"";"";"";"EQ SWAP";"31.70000000";"";"Equity:PortfolioSwap:PriceReturnBasicPerformance:SingleName";""
"Termination";"1044_10038_U531_SWAPONE_SWAPSWAPONEEQSWP";"1044_10038_U531_SWAPONE_SWAP";"BDSD";"LONDON BRANCH";"00ZICB";"2025-10-14";"2026-08-05";"2026-08-05";"1878152.65";"";"mxContractEventIUNWIND";"Unwind";"dead";"5493006QMFDDMYWIAM13104410038U531";"";"";"";"EQ SWAP";"33.71000000";"";"Equity:PortfolioSwap:PriceReturnBasicPerformance:SingleName";""
"Termination";"1044_13501_U621_SWAPONE_SWAPSWAPONEEQSWP";"1044_13501_U621_SWAPONE_SWAP";"BDSD";"LONDON BRANCH";"TZY1";"2025-12-09";"2026-08-05";"2026-08-05";"4385700.0";"";"mxContractEventIUNWIND";"Unwind";"dead";"5493006QMFDDMYWIAM13104413501U621";"";"";"";"EQ SWAP";"13.29000000";"";"Equity:PortfolioSwap:PriceReturnBasicPerformance:SingleName";""
"Termination";"1051_13501_U597_SWAPONE_SWAPSWAPONEEQSWP";"1051_13501_U597_SWAPONE_SWAP";"BDSD";"LONDON BRANCH";"00YRB9";"2025-12-08";"2026-11-03";"2026-11-03";"8303314.58994445";"";"mxContractEventIUNWIND";"Unwind";"dead";"5493006QMFDDMYWIAM13105113501U597";"";"5493006QMFDDMYWIAM131051_13501_U611";"";"EQ SWAP";"13.54316521";"";"Equity:PortfolioSwap:PriceReturnBasicPerformance:SingleName";""
"Termination";"1016_10070_U555_SWAPONE_SWAPSWAPONEEQSWP";"1016_10070_U555_SWAPONE_SWAP";"BDSD";"LONDON BRANCH";"FPFL12";"2025-11-17";"2026-01-20";"2026-01-20";"281770.0";"";"mxContractEventIUNWIND";"Unwind";"dead";"5493006QMFDDMYWIAM13101610070U555";"";"";"";"EQ SWAP";"0.95000000";"";"Equity:PortfolioSwap:PriceReturnBasicPerformance:SingleName";""
"Termination";"1030_10401_U419_SWAPONE_SWAPSWAPONEEQSWP";"1030_10401_U419_SWAPONE_SWAP";"BDSD";"LONDON BRANCH";"FFASL1";"2025-06-26";"2026-02-03";"2026-02-03";"110263.001";"";"mxContractEventIUNWIND";"Unwind";"dead";"5493006QMFDDMYWIAM13103010401U419";"";"";"";"EQ SWAP";"17.78435500";"";"Equity:PortfolioSwap:PriceReturnBasicPerformance:SingleName";""
"Termination";"1051_10042_U557_SWAPONE_SWAPSWAPONEEQSWP";"1051_10042_U557_SWAPONE_SWAP";"BDSD";"LONDON BRANCH";"SSAL13";"2025-10-30";"2026-10-02";"2026-10-02";"2682096.62";"";"mxContractEventIUNWIND";"Unwind";"dead";"5493006QMFDDMYWIAM13105110042U557";"";"";"";"EQ SWAP";"49.78000000";"";"Equity:PortfolioSwap:PriceReturnBasicPerformance:SingleName";""
"Termination";"1041_10010_U248_SWAPONE_SWAPSWAPONEEQSWP";"1041_10010_U248_SWAPONE_SWAP";"BDSD";"LONDON BRANCH";"00FLOO";"2025-06-09";"2026-01-01";"2026-01-01";"10765926";"";"mxContractEventIUNWIND";"Unwind";"dead";"5493006QMFDDMYWIAM13104110010U248";"";"";"";"EQ SWAP";"30.99000000";"";"Equity:PortfolioSwap:PriceReturnBasicPerformance:SingleName";""
"Termination";"1071_10303_U1182_SWAPONE_SWAPSWAPONEEQSWP";"1071_10303_U1182_SWAPONE_SWAP";"BDSD";"LONDON BRANCH";"FFASL1";"2026-04-15";"2027-02-02";"2027-02-02";"7443.0";"";"mxContractEventIUNWIND";"Unwind";"dead";"5493006QMFDDMYWIAM13107110303U1182";"";"";"";"EQ SWAP";"24.81000000";"";"Equity:PortfolioSwap:PriceReturnBasicPerformance:SingleName";""
"Termination";"1051_16607_U831_SWAPONE_SWAPSWAPONEEQSWP";"1051_16607_U831_SWAPONE_SWAP";"BDSD";"LONDON BRANCH";"SSAL13";"2026-01-12";"2026-11-03";"2026-11-03";"108560000";"";"mxContractEventIUNWIND";"Unwind";"dead";"5493006QMFDDMYWIAM13105116607U831";"";"";"";"EQ SWAP";"108.56000000";"";"Equity:PortfolioSwap:PriceReturnBasicPerformance:SingleName";""
"Termination";"1016_10020_U548_SWAPONE_SWAPSWAPONEEQSWP";"1016_10020_U548_SWAPONE_SWAP";"BDSD";"LONDON BRANCH";"FPFL12";"2025-11-14";"2026-01-20";"2026-01-20";"703138.0";"";"mxContractEventIUNWIND";"Unwind";"dead";"5493006QMFDDMYWIAM13101610020U548";"";"";"";"EQ SWAP";"7.03138000";"";"Equity:PortfolioSwap:PriceReturnBasicPerformance:SingleName";""
"Termination";"1051_10081_U890_SWAPONE_SWAPSWAPONEEQSWP";"1051_10081_U890_SWAPONE_SWAP";"BDSD";"LONDON BRANCH";"SSAL13";"2026-01-23";"2026-11-03";"2026-11-03";"2680855.038";"";"mxContractEventIUNWIND";"Unwind";"dead";"5493006QMFDDMYWIAM13105110081U890";"";"";"";"EQ SWAP";"34.63637000";"";"Equity:PortfolioSwap:PriceReturnBasicPerformance:SingleName";""
"Termination";"1051_10011_U951_SWAPONE_SWAPSWAPONEEQSWP";"1051_10011_U951_SWAPONE_SWAP";"BDSD";"LONDON BRANCH";"SSAL13";"2026-02-04";"2026-11-03";"2026-11-03";"1264927.0";"";"mxContractEventIUNWIND";"Unwind";"dead";"5493006QMFDDMYWIAM13105110011U951";"";"";"";"EQ SWAP";"50.59708000";"";"Equity:PortfolioSwap:PriceReturnBasicPerformance:SingleName";""
"Termination";"1051_11284_U596_SWAPONE_SWAPSWAPONEEQSWP";"1051_11284_U596_SWAPONE_SWAP";"BDSD";"LONDON BRANCH";"00YRB9";"2025-12-02";"2026-11-03";"2026-11-03";"0.0";"";"mxContractEventIUNWIND";"Unwind";"dead";"5493006QMFDDMYWIAM13105111284U596";"";"";"";"EQ SWAP";"0";"";"Equity:PortfolioSwap:PriceReturnBasicPerformance:SingleName";""
"Termination";"1053_10765_U843_SWAPONE_SWAPSWAPONEEQSWP";"1053_10765_U843_SWAPONE_SWAP";"BDSD";"LONDON BRANCH";"FPFL12";"2026-01-16";"2026-07-08";"2026-07-08";"361624.998";"";"mxContractEventIUNWIND";"Unwind";"dead";"5493006QMFDDMYWIAM13105310765U843";"";"";"";"EQ SWAP";"3.69005100";"";"Equity:PortfolioSwap:PriceReturnBasicPerformance:SingleName";""
"Termination";"1051_10058_U635_SWAPONE_SWAPSWAPONEEQSWP";"1051_10058_U635_SWAPONE_SWAP";"BDSD";"LONDON BRANCH";"SSAL13";"2025-12-10";"2026-11-03";"2026-11-03";"1362760.0";"";"mxContractEventIUNWIND";"Unwind";"dead";"5493006QMFDDMYWIAM13105110058U635";"";"";"";"EQ SWAP";"10.99000000";"";"Equity:PortfolioSwap:PriceReturnBasicPerformance:SingleName";""
"Termination";"1016_13404_U213_SWAPONE_SWAPSWAPONEEQSWP";"1016_13404_U213_SWAPONE_SWAP";"BDSD";"LONDON BRANCH";"FPFL12";"2025-04-08";"2026-01-20";"2026-01-20";"215325.0";"";"mxContractEventIUNWIND";"Unwind";"dead";"5493006QMFDDMYWIAM13101613404U213";"";"";"";"EQ SWAP";"7.83000000";"";"Equity:PortfolioSwap:PriceReturnBasicPerformance:SingleName";""
"Termination";"1051_10075_U1179_SWAPONE_SWAPSWAPONEEQSWP";"1051_10075_U1179_SWAPONE_SWAP";"BDSD";"LONDON BRANCH";"SSAL13";"2026-04-15";"2026-11-03";"2026-11-03";"7952400.0";"";"mxContractEventIUNWIND";"Unwind";"dead";"5493006QMFDDMYWIAM13105110075U1179";"";"";"";"EQ SWAP";"66.27000000";"";"Equity:PortfolioSwap:PriceReturnBasicPerformance:SingleName";""
"Termination";"1051_11473_U1076_SWAPONE_SWAPSWAPONEEQSWP";"1051_11473_U1076_SWAPONE_SWAP";"BDSD";"LONDON BRANCH";"SSAL13";"2026-03-16";"2026-11-03";"2026-11-03";"7028077.8996";"";"mxContractEventIUNWIND";"Unwind";"dead";"5493006QMFDDMYWIAM13105111473U1076";"";"";"";"EQ SWAP";"33.08887900";"";"Equity:PortfolioSwap:PriceReturnBasicPerformance:SingleName";""
"Termination";"1016_10084_U595_SWAPONE_SWAPSWAPONEEQSWP";"1016_10084_U595_SWAPONE_SWAP";"BDSD";"LONDON BRANCH";"FPFL12";"2026-01-13";"2026-01-20";"2026-01-20";"782553.0";"";"mxContractEventIUNWIND";"Unwind";"dead";"5493006QMFDDMYWIAM13101610084U595";"";"";"";"EQ SWAP";"26.08510000";"";"Equity:PortfolioSwap:PriceReturnBasicPerformance:SingleName";""
"Termination";"1030_10052_U351_SWAPONE_SWAPSWAPONEEQSWP";"1030_10052_U351_SWAPONE_SWAP";"BDSD";"LONDON BRANCH";"FFASL1";"2025-05-08";"2026-02-03";"2026-02-03";"66346.9992";"";"mxContractEventIUNWIND";"Unwind";"dead";"5493006QMFDDMYWIAM13103010052U351";"";"";"";"EQ SWAP";"36.85944400";"";"Equity:PortfolioSwap:PriceReturnBasicPerformance:SingleName";""
"Decrease";"1051_16607_U891_SWAPONE_SWAPSWAPONEEQSWP";"1051_16607_U891_SWAPONE_SWAP";"BDSD";"LONDON BRANCH";"SSAL13";"2026-01-26";"2026-11-03";"2026-11-03";"109170000";"";"mxContractEventIUNWIND";"Unwind";"dead";"5493006QMFDDMYWIAM13105116607U891";"";"";"";"EQ SWAP";"109.17000000";"";"Equity:PortfolioSwap:PriceReturnBasicPerformance:SingleName";""
"Termination";"1051_10039_U626_SWAPONE_SWAPSWAPONEEQSWP";"1051_10039_U626_SWAPONE_SWAP";"BDSD";"LONDON BRANCH";"SSAL13";"2025-12-09";"2026-11-03";"2026-11-03";"1374610.0";"";"mxContractEventIUNWIND";"Unwind";"dead";"5493006QMFDDMYWIAM13105110039U626";"";"";"";"EQ SWAP";"136.10000000";"";"Equity:PortfolioSwap:PriceReturnBasicPerformance:SingleName";""
"Termination";"1016_10030_U201_SWAPONE_SWAPSWAPONEEQSWP";"1016_10030_U201_SWAPONE_SWAP";"BDSD";"LONDON BRANCH";"FPFL12";"2025-04-04";"2026-01-20";"2026-01-20";"785048.0";"";"mxContractEventIUNWIND";"Cancel";"dead";"5493006QMFDDMYWIAM13101610030U201";"";"";"";"EQ SWAP";"16.22000000";"";"Equity:PortfolioSwap:PriceReturnBasicPerformance:SingleName";""
"Increase";"1063_14925_U578_SWAPONE_SWAPSWAPONEEQSWP";"1063_14925_U578_SWAPONE_SWAP";"BDSD";"LONDON BRANCH";"00ZICD";"2026-04-09";"2026-11-13";"2026-11-13";"14440862594.3156";"";"mxContractEventIRESTRUCTURE";"Restructure";"live";"5493006QMFDDMYWIAM13106314925U578";"";"5493006QMFDDMYWIAM131063_14925_U1143";"";"EQ SWAP";"134.69224148";"";"Equity:PortfolioSwap:PriceReturnBasicPerformance:SingleName";""
"Termination";"1044_13501_U499_SWAPONE_SWAPSWAPONEEQSWP";"1044_13501_U499_SWAPONE_SWAP";"BDSD";"LONDON BRANCH";"TZY1";"2025-09-08";"2026-08-05";"2026-08-05";"25100046.284454";"";"mxContractEventIUNWIND";"Unwind";"dead";"5493006QMFDDMYWIAM13104413501U499";"";"";"";"EQ SWAP";"11.27999700";"";"Equity:PortfolioSwap:PriceReturnBasicPerformance:SingleName";""
"Termination";"1030_10007_U367_SWAPONE_SWAPSWAPONEEQSWP";"1030_10007_U367_SWAPONE_SWAP";"BDSD";"LONDON BRANCH";"FFASL1";"2025-05-20";"2026-02-03";"2026-02-03";"94254.9985";"";"mxContractEventIUNWIND";"Unwind";"dead";"5493006QMFDDMYWIAM13103010007U367";"";"";"";"EQ SWAP";"14.50076900";"";"Equity:PortfolioSwap:PriceReturnBasicPerformance:SingleName";""
"Termination";"1030_10075_U365_SWAPONE_SWAPSWAPONEEQSWP";"1030_10075_U365_SWAPONE_SWAP";"BDSD";"LONDON BRANCH";"FFASL1";"2025-05-20";"2026-02-03";"2026-02-03";"75060.0";"";"mxContractEventIUNWIND";"Unwind";"dead";"5493006QMFDDMYWIAM13103010075U365";"";"";"";"EQ SWAP";"41.70000000";"";"Equity:PortfolioSwap:PriceReturnBasicPerformance:SingleName";""
"Termination";"1051_10058_U1078_SWAPONE_SWAPSWAPONEEQSWP";"1051_10058_U1078_SWAPONE_SWAP";"BDSD";"LONDON BRANCH";"SSAL13";"2026-03-17";"2026-11-03";"2026-11-03";"778907.042892";"";"mxContractEventICANCEL";"Cancel";"dead";"5493006QMFDDMYWIAM13105110058U1078";"";"";"";"EQ SWAP";"11.98355400";"";"Equity:PortfolioSwap:PriceReturnBasicPerformance:SingleName";""
"Termination";"1044_10075_U1124_SWAPONE_SWAPSWAPONEEQSWP";"1044_10075_U1124_SWAPONE_SWAP";"BDSD";"LONDON BRANCH";"TZY1";"2026-04-06";"2026-08-05";"2026-08-05";"2359600.0";"";"mxContractEventIUNWIND";"Unwind";"dead";"5493006QMFDDMYWIAM13104410075U1124";"";"";"";"EQ SWAP";"58.99000000";"";"Equity:PortfolioSwap:PriceReturnBasicPerformance:SingleName";""
"Termination";"1051_11473_U1119_SWAPONE_SWAPSWAPONEEQSWP";"1051_11473_U1119_SWAPONE_SWAP";"BDSD";"LONDON BRANCH";"SSAL13";"2026-04-02";"2026-11-03";"2026-11-03";"24539616";"";"mxContractEventIUNWIND";"Unwind";"dead";"5493006QMFDDMYWIAM13105111473U1119";"";"";"";"EQ SWAP";"33.36000000";"";"Equity:PortfolioSwap:PriceReturnBasicPerformance:SingleName";""
"Termination";"1051_10927_U727_SWAPONE_SWAPSWAPONEEQSWP";"1051_10927_U727_SWAPONE_SWAP";"BDSD";"LONDON BRANCH";"SSAL13";"2025-12-30";"2026-11-03";"2026-11-03";"927420.0";"";"mxContractEventIUNWIND";"Unwind";"dead";"5493006QMFDDMYWIAM13105110927U727";"";"";"";"EQ SWAP";"11.89000000";"";"Equity:PortfolioSwap:PriceReturnBasicPerformance:SingleName";""
"Termination";"1071_10308_U1215_SWAPONE_SWAPSWAPONEEQSWP";"1071_10308_U1215_SWAPONE_SWAP";"BDSD";"LONDON BRANCH";"FFASL1";"2026-04-23";"2027-02-02";"2027-02-02";"17076.0";"";"mxContractEventIUNWIND";"Unwind";"dead";"5493006QMFDDMYWIAM13107110308U1215";"";"";"";"EQ SWAP";"14.23000000";"";"Equity:PortfolioSwap:PriceReturnBasicPerformance:SingleName";""
"Termination";"1030_10005_U510_SWAPONE_SWAPSWAPONEEQSWP";"1030_10005_U510_SWAPONE_SWAP";"BDSD";"LONDON BRANCH";"FFASL1";"2025-09-29";"2026-02-03";"2026-02-03";"454194.0";"";"mxContractEventIUNWIND";"Unwind";"dead";"5493006QMFDDMYWIAM13103010005U510";"";"";"";"EQ SWAP";"19.41000000";"";"Equity:PortfolioSwap:PriceReturnBasicPerformance:SingleName";""
"Termination";"1051_11017_U974_SWAPONE_SWAPSWAPONEEQSWP";"1051_11017_U974_SWAPONE_SWAP";"BDSD";"LONDON BRANCH";"SSAL13";"2026-02-11";"2026-11-03";"2026-11-03";"732700.0";"";"mxContractEventIUNWIND";"Unwind";"dead";"5493006QMFDDMYWIAM13105111017U974";"";"";"";"EQ SWAP";"73.27000000";"";"Equity:PortfolioSwap:PriceReturnBasicPerformance:SingleName";""
"Termination";"1016_13801_U417_SWAPONE_SWAPSWAPONEEQSWP";"1016_13801_U417_SWAPONE_SWAP";"BDSD";"LONDON BRANCH";"FPFL12";"2025-05-30";"2026-01-20";"2026-01-20";"79800.0";"";"mxContractEventIUNWIND";"Cancel";"dead";"5493006QMFDDMYWIAM13101613801U417";"";"";"";"EQ SWAP";"9.50000000";"";"Equity:PortfolioSwap:PriceReturnBasicPerformance:SingleName";""
"Termination";"1041_15603_U403_SWAPONE_SWAPSWAPONEEQSWP";"1041_15603_U403_SWAPONE_SWAP";"BDSD";"LONDON BRANCH";"00FLOO";"2025-07-24";"2026-01-01";"2026-01-01";"5228729.55";"";"mxContractEventIUNWIND";"Unwind";"dead";"5493006QMFDDMYWIAM13104115603U403";"";"";"";"EQ SWAP";"78.21000000";"";"Equity:PortfolioSwap:PriceReturnBasicPerformance:SingleName";""
"Termination";"1051_11017_U968_SWAPONE_SWAPSWAPONEEQSWP";"1051_11017_U968_SWAPONE_SWAP";"BDSD";"LONDON BRANCH";"SSAL13";"2026-02-09";"2026-11-03";"2026-11-03";"722941.0";"";"mxContractEventIUNWIND";"Unwind";"dead";"5493006QMFDDMYWIAM13105111017U968";"";"";"";"EQ SWAP";"72.29410000";"";"Equity:PortfolioSwap:PriceReturnBasicPerformance:SingleName";""
"Decrease";"1051_10027_U1014_SWAPONE_SWAPSWAPONEEQSWP";"1051_10027_U1014_SWAPONE_SWAP";"BDSD";"LONDON BRANCH";"SSAL13";"2026-02-23";"2026-11-03";"2026-11-03";"5135229.381384";"";"mxContractEventIUNWIND";"Unwind";"dead";"5493006QMFDDMYWIAM13105110027U1014";"";"";"";"EQ SWAP";"42.31541400";"";"Equity:PortfolioSwap:PriceReturnBasicPerformance:SingleName";""
"Allocation";"1051_11500_U1069_SWAPONE_SWAPSWAPONEEQSWP";"1051_11500_U1069_SWAPONE_SWAP";"BDSD";"LONDON BRANCH";"00YRB9";"2026-03-13";"2026-11-03";"2026-11-03";"5175204.0";"";"Insert";"Insert";"live";"5493006QMFDDMYWIAM13105111500U1069";"";"5493006QMFDDMYWIAM131051_11500_U1068";"";"EQ SWAP";"10.35040800";"";"Equity:PortfolioSwap:PriceReturnBasicPerformance:SingleName";""
"Decrease";"1059_10081_U585_SWAPONE_SWAPSWAPONEEQSWP";"1059_10081_U585_SWAPONE_SWAP";"BDSD";"LONDON BRANCH";"00A20D";"2026-01-09";"2026-09-28";"2026-09-28";"30820.0";"";"mxContractEventIRESTRUCTURE";"Restructure";"live";"5493006QMFDDMYWIAM13105910081U585";"";"";"";"EQ SWAP";"30.82000000";"";"Equity:PortfolioSwap:PriceReturnBasicPerformance:SingleName";""
"Termination";"1071_11488_U1071_SWAPONE_SWAPSWAPONEEQSWP";"1071_11488_U1071_SWAPONE_SWAP";"BDSD";"LONDON BRANCH";"FFASL1";"2026-03-16";"2027-02-02";"2027-02-02";"79218.9996";"";"mxContractEventIUNWIND";"Unwind";"dead";"5493006QMFDDMYWIAM13107111488U1071";"";"";"";"EQ SWAP";"25.55451600";"";"Equity:PortfolioSwap:PriceReturnBasicPerformance:SingleName";""
"Amendment";"1070_11183_U1137_SWAPONE_SWAPSWAPONEEQSWP";"1070_11183_U1137_SWAPONE_SWAP";"BDSD";"LONDON BRANCH";"FPFL12";"2026-04-09";"2027-02-02";"2027-02-02";"652500.0";"";"mxContractEventIRESTRUCTURE";"Restructure";"live";"5493006QMFDDMYWIAM13107011183U1137";"";"";"";"EQ SWAP";"11.25000000";"";"Equity:PortfolioSwap:PriceReturnBasicPerformance:SingleName";""
"Termination";"1051_10765_U1109_SWAPONE_SWAPSWAPONEEQSWP";"1051_10765_U1109_SWAPONE_SWAP";"BDSD";"LONDON BRANCH";"SSAL13";"2026-04-01";"2026-11-03";"2026-11-03";"1149000.0";"";"mxContractEventIUNWIND";"Unwind";"dead";"5493006QMFDDMYWIAM13105110765U1109";"";"";"";"EQ SWAP";"3.83000000";"";"Equity:PortfolioSwap:PriceReturnBasicPerformance:SingleName";""
"Termination";"1039_10069_U223_SWAPONE_SWAPSWAPONEEQSWP";"1039_10069_U223_SWAPONE_SWAP";"BDSD";"LONDON BRANCH";"00VMI6";"2025-07-22";"2025-11-26";"2025-11-26";"2890000.0";"";"mxContractEventIUNWIND";"Unwind";"dead";"5493006QMFDDMYWIAM13103910069U223";"";"5493006QMFDDMYWIAM131039_10069_U435";"";"EQ SWAP";"57.80000000";"";"Equity:PortfolioSwap:PriceReturnBasicPerformance:SingleName";""
"Termination";"1044_10075_U1017_SWAPONE_SWAPSWAPONEEQSWP";"1044_10075_U1017_SWAPONE_SWAP";"BDSD";"LONDON BRANCH";"TZY1";"2026-02-24";"2026-08-05";"2026-08-05";"9207000.0";"";"mxContractEventIUNWIND";"Unwind";"dead";"5493006QMFDDMYWIAM13104410075U1017";"";"";"";"EQ SWAP";"61.38000000";"";"Equity:PortfolioSwap:PriceReturnBasicPerformance:SingleName";""
"Termination";"1051_10027_U1210_SWAPONE_SWAPSWAPONEEQSWP";"1051_10027_U1210_SWAPONE_SWAP";"BDSD";"LONDON BRANCH";"SSAL13";"2026-04-22";"2026-11-03";"2026-11-03";"29523855.025335";"";"mxContractEventIUNWIND";"Unwind";"dead";"5493006QMFDDMYWIAM13105110027U1210";"";"";"";"EQ SWAP";"52.51084500";"";"Equity:PortfolioSwap:PriceReturnBasicPerformance:SingleName";""
"Termination";"1016_10309_U442_SWAPONE_SWAPSWAPONEEQSWP";"1016_10309_U442_SWAPONE_SWAP";"BDSD";"LONDON BRANCH";"FPFL12";"2025-09-09";"2026-01-20";"2026-01-20";"1632935.009997";"";"mxContractEventIUNWIND";"Unwind";"dead";"5493006QMFDDMYWIAM13101610309U442";"";"";"";"EQ SWAP";"18.14372233";"";"Equity:PortfolioSwap:PriceReturnBasicPerformance:SingleName";""
"Decrease";"1051_10081_U1110_SWAPONE_SWAPSWAPONEEQSWP";"1051_10081_U1110_SWAPONE_SWAP";"BDSD";"LONDON BRANCH";"SSAL13";"2026-04-01";"2026-11-03";"2026-11-03";"4737000.0";"";"mxContractEventIUNWIND";"Unwind";"dead";"5493006QMFDDMYWIAM13105110081U1110";"";"";"";"EQ SWAP";"47.37000000";"";"Equity:PortfolioSwap:PriceReturnBasicPerformance:SingleName";""
"Increase";"1071_10042_U1032_SWAPONE_SWAPSWAPONEEQSWP";"1071_10042_U1032_SWAPONE_SWAP";"BDSD";"LONDON BRANCH";"00Y7RA";"2026-03-05";"2027-02-02";"2027-02-02";"210706.99999986";"";"mxContractEventIRESTRUCTURE";"Restructure";"live";"5493006QMFDDMYWIAM13107110042U1032";"";"5493006QMFDDMYWIAM131071_10042_U1040";"";"EQ SWAP";"56.94783784";"";"Equity:PortfolioSwap:PriceReturnBasicPerformance:SingleName";""
"Increase";"1044_10101_U1044_SWAPONE_SWAPSWAPONEEQSWP";"1044_10101_U1044_SWAPONE_SWAP";"BDSD";"LONDON BRANCH";"00ZICE";"2026-03-09";"2026-08-05";"2026-08-05";"73780000";"";"mxContractEventIRESTRUCTURE";"Restructure";"live";"5493006QMFDDMYWIAM13104410101U1044";"";"5493006QMFDDMYWIAM131044_10101_U1049";"";"EQ SWAP";"26.35000000";"";"Equity:PortfolioSwap:PriceReturnBasicPerformance:SingleName";""
"Termination";"1044_10006_U1034_SWAPONE_SWAPSWAPONEEQSWP";"1044_10006_U1034_SWAPONE_SWAP";"BDSD";"LONDON BRANCH";"TZY1";"2026-03-03";"2026-08-05";"2026-08-05";"7785000.0";"";"mxContractEventIUNWIND";"Unwind";"dead";"5493006QMFDDMYWIAM13104410006U1034";"";"";"";"EQ SWAP";"5.19000000";"";"Equity:PortfolioSwap:PriceReturnBasicPerformance:SingleName";""
"Termination";"1044_13301_U1053_SWAPONE_SWAPSWAPONEEQSWP";"1044_13301_U1053_SWAPONE_SWAP";"BDSD";"LONDON BRANCH";"TZY1";"2026-03-10";"2026-08-05";"2026-08-05";"2178400.0";"";"mxContractEventIUNWIND";"Unwind";"dead";"5493006QMFDDMYWIAM13104413301U1053";"";"";"";"EQ SWAP";"31.12000000";"";"Equity:PortfolioSwap:PriceReturnBasicPerformance:SingleName";""
"Termination";"1071_10021_U1195_SWAPONE_SWAPSWAPONEEQSWP";"1071_10021_U1195_SWAPONE_SWAP";"BDSD";"LONDON BRANCH";"FFASL1";"2026-04-17";"2027-02-02";"2027-02-02";"17730.0";"";"mxContractEventIUNWIND";"Unwind";"dead";"5493006QMFDDMYWIAM13107110021U1195";"";"";"";"EQ SWAP";"19.70000000";"";"Equity:PortfolioSwap:PriceReturnBasicPerformance:SingleName";""
"Termination";"1051_10039_U627_SWAPONE_SWAPSWAPONEEQSWP";"1051_10039_U627_SWAPONE_SWAP";"BDSD";"LONDON BRANCH";"0087I1";"2025-12-22";"2026-11-03";"2026-11-03";"0.0";"";"mxContractEventIUNWIND";"Unwind";"dead";"5493006QMFDDMYWIAM13105110039U627";"";"5493006QMFDDMYWIAM131051_10039_U669";"";"EQ SWAP";"0";"";"Equity:PortfolioSwap:PriceReturnBasicPerformance:SingleName";""
"Termination";"1030_10401_U494_SWAPONE_SWAPSWAPONEEQSWP";"1030_10401_U494_SWAPONE_SWAP";"BDSD";"LONDON BRANCH";"FFASL1";"2025-09-04";"2026-02-03";"2026-02-03";"547228.0";"";"mxContractEventIUNWIND";"Unwind";"dead";"5493006QMFDDMYWIAM13103010401U494";"";"";"";"EQ SWAP";"17.10087500";"";"Equity:PortfolioSwap:PriceReturnBasicPerformance:SingleName";""
"Termination";"1051_10401_U728_SWAPONE_SWAPSWAPONEEQSWP";"1051_10401_U728_SWAPONE_SWAP";"BDSD";"LONDON BRANCH";"SSAL13";"2025-12-30";"2026-11-03";"2026-11-03";"722250.0";"";"mxContractEventIUNWIND";"Unwind";"dead";"5493006QMFDDMYWIAM13105110401U728";"";"";"";"EQ SWAP";"16.05000000";"";"Equity:PortfolioSwap:PriceReturnBasicPerformance:SingleName";""
"Decrease";"1063_14918_U1142_SWAPONE_SWAPSWAPONEEQSWP";"1063_14918_U1142_SWAPONE_SWAP";"BDSD";"LONDON BRANCH";"TZY1";"2026-04-09";"2026-11-13";"2026-11-13";"154629467.3975";"";"mxContractEventIUNWIND";"Unwind";"dead";"5493006QMFDDMYWIAM13106314918U1142";"";"";"";"EQ SWAP";"84.04625000";"";"Equity:PortfolioSwap:PriceReturnBasicPerformance:SingleName";""
"Termination";"1044_10064_U805_SWAPONE_SWAPSWAPONEEQSWP";"1044_10064_U805_SWAPONE_SWAP";"BDSD";"LONDON BRANCH";"TZY1";"2026-01-07";"2026-08-05";"2026-08-05";"25000000";"";"mxContractEventIUNWIND";"Unwind";"dead";"5493006QMFDDMYWIAM13104410064U805";"";"";"";"EQ SWAP";"25.00000000";"";"Equity:PortfolioSwap:PriceReturnBasicPerformance:SingleName";""
"Termination";"1016_10043_U560_SWAPONE_SWAPSWAPONEEQSWP";"1016_10043_U560_SWAPONE_SWAP";"BDSD";"LONDON BRANCH";"FPFL12";"2025-12-05";"2026-01-20";"2026-01-20";"553510.99000296";"";"mxContractEventIUNWIND";"Unwind";"dead";"5493006QMFDDMYWIAM13101610043U560";"";"";"";"EQ SWAP";"3.90897592";"";"Equity:PortfolioSwap:PriceReturnBasicPerformance:SingleName";""
"Insert";"1070_17504_U1057_SWAPONE_SWAPSWAPONEEQSWP";"1070_17504_U1057_SWAPONE_SWAP";"BDSD";"LONDON BRANCH";"FPFL12";"2026-03-11";"2027-02-02";"2027-02-02";"0.0";"";"Insert";"Insert";"live";"5493006QMFDDMYWIAM13107017504U1057";"";"";"";"EQ SWAP";"0";"";"Equity:PortfolioSwap:PriceReturnBasicPerformance:SingleName";""
"Termination";"1041_11687_U520_SWAPONE_SWAPSWAPONEEQSWP";"1041_11687_U520_SWAPONE_SWAP";"BDSD";"LONDON BRANCH";"00FLOO";"2025-09-30";"2026-01-01";"2026-01-01";"28043334";"";"mxContractEventICANCEL";"Cancel";"dead";"5493006QMFDDMYWIAM13104111687U520";"";"";"";"EQ SWAP";"8.91000000";"";"Equity:PortfolioSwap:PriceReturnBasicPerformance:SingleName";""
"Termination";"1063_14901_U856_SWAPONE_SWAPSWAPONEEQSWP";"1063_14901_U856_SWAPONE_SWAP";"BDSD";"LONDON BRANCH";"TZY1";"2026-01-20";"2026-11-13";"2026-11-13";"2657814999.999495";"";"mxContractEventIUNWIND";"Unwind";"dead";"5493006QMFDDMYWIAM13106314901U856";"";"";"";"EQ SWAP";"175.43333333";"";"Equity:PortfolioSwap:PriceReturnBasicPerformance:SingleName";""
"Termination";"1051_10045_U726_SWAPONE_SWAPSWAPONEEQSWP";"1051_10045_U726_SWAPONE_SWAP";"BDSD";"LONDON BRANCH";"SSAL13";"2025-12-30";"2026-11-03";"2026-11-03";"383320.0";"";"mxContractEventIUNWIND";"Unwind";"dead";"5493006QMFDDMYWIAM13105110045U726";"";"";"";"EQ SWAP";"13.69000000";"";"Equity:PortfolioSwap:PriceReturnBasicPerformance:SingleName";""
"Termination";"1044_10064_U1033_SWAPONE_SWAPSWAPONEEQSWP";"1044_10064_U1033_SWAPONE_SWAP";"BDSD";"LONDON BRANCH";"TZY1";"2026-03-03";"2026-08-05";"2026-08-05";"12560000";"";"mxContractEventIUNWIND";"Unwind";"dead";"5493006QMFDDMYWIAM13104410064U1033";"";"";"";"EQ SWAP";"25.12000000";"";"Equity:PortfolioSwap:PriceReturnBasicPerformance:SingleName";""
"Termination";"1016_10065_U350_SWAPONE_SWAPSWAPONEEQSWP";"1016_10065_U350_SWAPONE_SWAP";"BDSD";"LONDON BRANCH";"FPFL12";"2025-05-09";"2026-01-20";"2026-01-20";"633948.98";"";"mxContractEventIUNWIND";"Unwind";"dead";"5493006QMFDDMYWIAM13101610065U350";"";"";"";"EQ SWAP";"9.05641400";"";"Equity:PortfolioSwap:PriceReturnBasicPerformance:SingleName";""
"Increase";"1063_14925_U580_SWAPONE_SWAPSWAPONEEQSWP";"1063_14925_U580_SWAPONE_SWAP";"BDSD";"LONDON BRANCH";"00ZICE";"2026-04-09";"2026-11-13";"2026-11-13";"5539568051.668666";"";"mxContractEventIRESTRUCTURE";"Restructure";"live";"5493006QMFDDMYWIAM13106314925U580";"";"5493006QMFDDMYWIAM131063_14925_U1143";"";"EQ SWAP";"135.58270136";"";"Equity:PortfolioSwap:PriceReturnBasicPerformance:SingleName";""
"Amendment";"1063_14918_U881_SWAPONE_SWAPSWAPONEEQSWP";"1063_14918_U881_SWAPONE_SWAP";"BDSD";"LONDON BRANCH";"00ZICE";"2026-04-09";"2026-11-13";"2026-11-13";"235838047.87076882";"";"mxContractEventIRESTRUCTURE";"Restructure";"live";"5493006QMFDDMYWIAM13106314918U881";"";"5493006QMFDDMYWIAM131063_14918_U1142";"";"EQ SWAP";"83.90251228";"";"Equity:PortfolioSwap:PriceReturnBasicPerformance:SingleName";""
"Decrease";"1071_10055_U930_SWAPONE_SWAPSWAPONEEQSWP";"1071_10055_U930_SWAPONE_SWAP";"BDSD";"LONDON BRANCH";"00Y7RD";"2026-04-23";"2027-02-02";"2027-02-02";"148086.0";"";"mxContractEventIRESTRUCTURE";"Restructure";"live";"5493006QMFDDMYWIAM13107110055U930";"";"5493006QMFDDMYWIAM131071_10055_U1216";"";"EQ SWAP";"38.97000000";"";"Equity:PortfolioSwap:PriceReturnBasicPerformance:SingleName";""
"Termination";"1051_10401_U705_SWAPONE_SWAPSWAPONEEQSWP";"1051_10401_U705_SWAPONE_SWAP";"BDSD";"LONDON BRANCH";"SSAL13";"2025-12-29";"2026-11-03";"2026-11-03";"727200.0";"";"mxContractEventIUNWIND";"Unwind";"dead";"5493006QMFDDMYWIAM13105110401U705";"";"";"";"EQ SWAP";"16.16000000";"";"Equity:PortfolioSwap:PriceReturnBasicPerformance:SingleName";""
"Termination";"1071_10060_U1200_SWAPONE_SWAPSWAPONEEQSWP";"1071_10060_U1200_SWAPONE_SWAP";"BDSD";"LONDON BRANCH";"FFASL1";"2026-04-17";"2027-02-02";"2027-02-02";"10812.0";"";"mxContractEventIUNWIND";"Unwind";"dead";"5493006QMFDDMYWIAM13107110060U1200";"";"";"";"EQ SWAP";"36.04000000";"";"Equity:PortfolioSwap:PriceReturnBasicPerformance:SingleName";""
"Termination";"1041_10067_U518_SWAPONE_SWAPSWAPONEEQSWP";"1041_10067_U518_SWAPONE_SWAP";"BDSD";"LONDON BRANCH";"00FLOO";"2025-11-25";"2026-01-01";"2026-01-01";"1820236.0";"";"mxContractEventIUNWIND";"Unwind";"dead";"5493006QMFDDMYWIAM13104110067U518";"";"";"";"EQ SWAP";"18.04000000";"";"Equity:PortfolioSwap:PriceReturnBasicPerformance:SingleName";""
"Termination";"1041_10082_U303_SWAPONE_SWAPSWAPONEEQSWP";"1041_10082_U303_SWAPONE_SWAP";"BDSD";"LONDON BRANCH";"00FLOO";"2025-04-04";"2026-01-01";"2026-01-01";"1092088.0059";"";"mxContractEventIUNWIND";"Unwind";"dead";"5493006QMFDDMYWIAM13104110082U303";"";"";"";"EQ SWAP";"19.82010900";"";"Equity:PortfolioSwap:PriceReturnBasicPerformance:SingleName";""
"Termination";"1044_13301_U454_SWAPONE_SWAPSWAPONEEQSWP";"1044_13301_U454_SWAPONE_SWAP";"BDSD";"LONDON BRANCH";"TZY1";"2025-08-12";"2026-08-05";"2026-08-05";"22830000";"";"mxContractEventIUNWIND";"Unwind";"dead";"5493006QMFDDMYWIAM13104413301U454";"";"";"";"EQ SWAP";"22.83000000";"";"Equity:PortfolioSwap:PriceReturnBasicPerformance:SingleName";""
"Increase";"1051_10058_U614_SWAPONE_SWAPSWAPONEEQSWP";"1051_10058_U614_SWAPONE_SWAP";"BDSD";"LONDON BRANCH";"00YRB9";"2026-04-17";"2026-11-03";"2026-11-03";"3580680.220020599";"";"mxContractEventIRESTRUCTURE";"Restructure";"live";"5493006QMFDDMYWIAM13105110058U614";"";"5493006QMFDDMYWIAM131051_10058_U1201";"";"EQ SWAP";"12.78805230";"";"Equity:PortfolioSwap:PriceReturnBasicPerformance:SingleName";""
"Termination";"1041_10064_U250_SWAPONE_SWAPSWAPONEEQSWP";"1041_10064_U250_SWAPONE_SWAP";"BDSD";"LONDON BRANCH";"00FLOO";"2025-08-29";"2027-01-04";"2027-01-04";"13737052";"";"mxContractEventIUNWIND";"Unwind";"dead";"5493006QMFDDMYWIAM13104110064U250";"";"";"";"EQ SWAP";"30.52000000";"";"Equity:PortfolioSwap:PriceReturnBasicPerformance:SingleName";""
"Termination";"1030_16101_U583_SWAPONE_SWAPSWAPONEEQSWP";"1030_16101_U583_SWAPONE_SWAP";"BDSD";"LONDON BRANCH";"FFASL1";"2025-11-12";"2026-02-03";"2026-02-03";"265617.996";"";"mxContractEventIUNWIND";"Unwind";"dead";"5493006QMFDDMYWIAM13103016101U583";"";"";"";"EQ SWAP";"22.13483300";"";"Equity:PortfolioSwap:PriceReturnBasicPerformance:SingleName";""
"Termination";"1044_10022_U561_SWAPONE_SWAPSWAPONEEQSWP";"1044_10022_U561_SWAPONE_SWAP";"BDSD";"LONDON BRANCH";"TZY1";"2025-11-06";"2026-08-05";"2026-08-05";"658107.40288";"";"mxContractEventIUNWIND";"Unwind";"dead";"5493006QMFDDMYWIAM13104410022U561";"";"";"";"EQ SWAP";"53.33123200";"";"Equity:PortfolioSwap:PriceReturnBasicPerformance:SingleName";""
"Termination";"1016_10007_U600_SWAPONE_SWAPSWAPONEEQSWP";"1016_10007_U600_SWAPONE_SWAP";"BDSD";"LONDON BRANCH";"FPFL12";"2025-12-05";"2026-01-20";"2026-01-20";"2074125.0";"";"mxContractEventIUNWIND";"Unwind";"dead";"5493006QMFDDMYWIAM13101610007U600";"";"";"";"EQ SWAP";"20.74125000";"";"Equity:PortfolioSwap:PriceReturnBasicPerformance:SingleName";""
"Termination";"1024_13404_U165_SWAPONE_SWAPSWAPONEEQSWP";"1024_13404_U165_SWAPONE_SWAP";"BDSD";"LONDON BRANCH";"00X7TJ";"2025-07-18";"2025-07-22";"2025-07-22";"0.0";"";"mxContractEventIUNWIND";"Unwind";"dead";"5493006QMFDDMYWIAM13102413404U165";"";"";"";"EQ SWAP";"0";"";"Equity:PortfolioSwap:PriceReturnBasicPerformance:SingleName";""
"Termination";"1051_10021_U1149_SWAPONE_SWAPSWAPONEEQSWP";"1051_10021_U1149_SWAPONE_SWAP";"BDSD";"LONDON BRANCH";"SSAL13";"2026-04-10";"2026-11-03";"2026-11-03";"2928505.05";"";"mxContractEventIUNWIND";"Unwind";"dead";"5493006QMFDDMYWIAM13105110021U1149";"";"";"";"EQ SWAP";"19.52336700";"";"Equity:PortfolioSwap:PriceReturnBasicPerformance:SingleName";""
"Termination";"1016_10024_U452_SWAPONE_SWAPSWAPONEEQSWP";"1016_10024_U452_SWAPONE_SWAP";"BDSD";"LONDON BRANCH";"FPFL12";"2025-12-16";"2026-01-20";"2026-01-20";"4480773.42999573";"";"mxContractEventICANCEL";"Cancel";"dead";"5493006QMFDDMYWIAM13101610024U452";"";"";"";"EQ SWAP";"46.33685036";"";"Equity:PortfolioSwap:PriceReturnBasicPerformance:SingleName";""
"Termination";"1051_11473_U598_SWAPONE_SWAPSWAPONEEQSWP";"1051_11473_U598_SWAPONE_SWAP";"BDSD";"LONDON BRANCH";"00YRB9";"2026-04-02";"2026-11-03";"2026-11-03";"24225661.89962388";"";"mxContractEventIUNWIND";"Unwind";"dead";"5493006QMFDDMYWIAM13105111473U598";"";"5493006QMFDDMYWIAM131051_11473_U1119";"";"EQ SWAP";"32.93319997";"";"Equity:PortfolioSwap:PriceReturnBasicPerformance:SingleName";""
"Termination";"1016_16507_U971_SWAPONE_SWAPSWAPONEEQSWP";"1016_16507_U971_SWAPONE_SWAP";"BDSD";"LONDON BRANCH";"FPFL12";"2026-02-10";"2026-05-04";"2026-05-04";"427.12";"";"mxContractEventIUNWIND";"Unwind";"dead";"5493006QMFDDMYWIAM13101616507U971";"";"";"";"EQ SWAP";"22.48000000";"";"Equity:PortfolioSwap:PriceReturnBasicPerformance:SingleName";""
"Termination";"1051_11415_U792_SWAPONE_SWAPSWAPONEEQSWP";"1051_11415_U792_SWAPONE_SWAP";"BDSD";"LONDON BRANCH";"SSAL13";"2026-01-02";"2026-11-03";"2026-11-03";"7553760.0";"";"mxContractEventIUNWIND";"Unwind";"dead";"5493006QMFDDMYWIAM13105111415U792";"";"";"";"EQ SWAP";"157.37000000";"";"Equity:PortfolioSwap:PriceReturnBasicPerformance:SingleName";""
"Termination";"1051_16607_U1095_SWAPONE_SWAPSWAPONEEQSWP";"1051_16607_U1095_SWAPONE_SWAP";"BDSD";"LONDON BRANCH";"SSAL13";"2026-03-24";"2026-11-03";"2026-11-03";"111540000";"";"mxContractEventIUNWIND";"Unwind";"dead";"5493006QMFDDMYWIAM13105116607U1095";"";"";"";"EQ SWAP";"111.54000000";"";"Equity:PortfolioSwap:PriceReturnBasicPerformance:SingleName";""
"Termination";"1016_10765_U81_SWAPONE_SWAPSWAPONEEQSWP";"1016_10765_U81_SWAPONE_SWAP";"BDSD";"LONDON BRANCH";"FPFL12";"2025-03-31";"2026-01-20";"2026-01-20";"597789.0";"";"mxContractEventIUNWIND";"Cancel";"dead";"5493006QMFDDMYWIAM13101610765U81";"";"";"";"EQ SWAP";"3.81000000";"";"Equity:PortfolioSwap:PriceReturnBasicPerformance:SingleName";""
"Termination";"1044_11530_U826_SWAPONE_SWAPSWAPONEEQSWP";"1044_11530_U826_SWAPONE_SWAP";"BDSD";"LONDON BRANCH";"TZY1";"2026-01-09";"2026-08-05";"2026-08-05";"4176000.0";"";"mxContractEventIUNWIND";"Unwind";"dead";"5493006QMFDDMYWIAM13104411530U826";"";"";"";"EQ SWAP";"13.92000000";"";"Equity:PortfolioSwap:PriceReturnBasicPerformance:SingleName";""
"Termination";"1051_10039_U633_SWAPONE_SWAPSWAPONEEQSWP";"1051_10039_U633_SWAPONE_SWAP";"BDSD";"LONDON BRANCH";"SSAL13";"2025-12-10";"2026-11-03";"2026-11-03";"1347500.0";"";"mxContractEventIUNWIND";"Unwind";"dead";"5493006QMFDDMYWIAM13105110039U633";"";"";"";"EQ SWAP";"134.75000000";"";"Equity:PortfolioSwap:PriceReturnBasicPerformance:SingleName";""
"Termination";"1016_13801_U214_SWAPONE_SWAPSWAPONEEQSWP";"1016_13801_U214_SWAPONE_SWAP";"BDSD";"LONDON BRANCH";"FPFL12";"2025-06-11";"2026-01-20";"2026-01-20";"79800.0";"";"mxContractEventIUNWIND";"Cancel";"dead";"5493006QMFDDMYWIAM13101613801U214";"";"";"";"EQ SWAP";"9.50000000";"";"Equity:PortfolioSwap:PriceReturnBasicPerformance:SingleName";""
"Termination";"1071_11488_U1181_SWAPONE_SWAPSWAPONEEQSWP";"1071_11488_U1181_SWAPONE_SWAP";"BDSD";"LONDON BRANCH";"FFASL1";"2026-04-15";"2027-02-02";"2027-02-02";"68530.0";"";"mxContractEventIUNWIND";"Unwind";"dead";"5493006QMFDDMYWIAM13107111488U1181";"";"";"";"EQ SWAP";"27.41200000";"";"Equity:PortfolioSwap:PriceReturnBasicPerformance:SingleName";""
"Termination";"1071_11488_U1056_SWAPONE_SWAPSWAPONEEQSWP";"1071_11488_U1056_SWAPONE_SWAP";"BDSD";"LONDON BRANCH";"FFASL1";"2026-03-11";"2027-02-02";"2027-02-02";"101342.0016";"";"mxContractEventIUNWIND";"Unwind";"dead";"5493006QMFDDMYWIAM13107111488U1056";"";"";"";"EQ SWAP";"28.15055600";"";"Equity:PortfolioSwap:PriceReturnBasicPerformance:SingleName";""
"Termination";"1051_13501_U663_SWAPONE_SWAPSWAPONEEQSWP";"1051_13501_U663_SWAPONE_SWAP";"BDSD";"LONDON BRANCH";"0087I1";"2026-01-29";"2026-11-03";"2026-11-03";"5232000.0";"";"mxContractEventIUNWIND";"Unwind";"dead";"5493006QMFDDMYWIAM13105113501U663";"";"5493006QMFDDMYWIAM131051_13501_U918";"";"EQ SWAP";"13.08000000";"";"Equity:PortfolioSwap:PriceReturnBasicPerformance:SingleName";""
"Termination";"1016_10882_U886_SWAPONE_SWAPSWAPONEEQSWP";"1016_10882_U886_SWAPONE_SWAP";"BDSD";"LONDON BRANCH";"FPFL12";"2026-01-23";"2026-05-04";"2026-05-04";"125000.0";"";"mxContractEventIUNWIND";"Unwind";"dead";"5493006QMFDDMYWIAM13101610882U886";"";"";"";"EQ SWAP";"25.00000000";"";"Equity:PortfolioSwap:PriceReturnBasicPerformance:SingleName";""
"Termination";"1041_10024_U736_SWAPONE_SWAPSWAPONEEQSWP";"1041_10024_U736_SWAPONE_SWAP";"BDSD";"LONDON BRANCH";"00FLOO";"2026-01-16";"2027-01-04";"2027-01-04";"1773299.0";"";"mxContractEventIUNWIND";"Unwind";"dead";"5493006QMFDDMYWIAM13104110024U736";"";"";"";"EQ SWAP";"43.57000000";"";"Equity:PortfolioSwap:PriceReturnBasicPerformance:SingleName";""
"Allocation";"1051_10042_U921_SWAPONE_SWAPSWAPONEEQSWP";"1051_10042_U921_SWAPONE_SWAP";"BDSD";"LONDON BRANCH";"0087I1";"2026-01-30";"2026-11-03";"2026-11-03";"6081.0";"";"Insert";"Insert";"live";"5493006QMFDDMYWIAM13105110042U921";"";"5493006QMFDDMYWIAM131051_10042_U919";"";"EQ SWAP";"60.81000000";"";"Equity:PortfolioSwap:PriceReturnBasicPerformance:SingleName";""
"Allocation";"1063_14906_U1159_SWAPONE_SWAPSWAPONEEQSWP";"1063_14906_U1159_SWAPONE_SWAP";"BDSD";"LONDON BRANCH";"00ZICE";"2026-04-10";"2026-11-13";"2026-11-13";"476284288.926672";"";"Insert";"Insert";"live";"5493006QMFDDMYWIAM13106314906U1159";"";"5493006QMFDDMYWIAM131063_14906_U1154";"";"EQ SWAP";"352.71147200";"";"Equity:PortfolioSwap:PriceReturnBasicPerformance:SingleName";""
"Termination";"1016_10022_U416_SWAPONE_SWAPSWAPONEEQSWP";"1016_10022_U416_SWAPONE_SWAP";"BDSD";"LONDON BRANCH";"FPFL12";"2025-11-17";"2026-01-20";"2026-01-20";"113280.0";"";"mxContractEventIUNWIND";"Unwind";"dead";"5493006QMFDDMYWIAM13101610022U416";"";"";"";"EQ SWAP";"47.20000000";"";"Equity:PortfolioSwap:PriceReturnBasicPerformance:SingleName";""
"Termination";"1016_10065_U339_SWAPONE_SWAPSWAPONEEQSWP";"1016_10065_U339_SWAPONE_SWAP";"BDSD";"LONDON BRANCH";"FPFL12";"2025-04-30";"2026-01-20";"2026-01-20";"513042.0";"";"mxContractEventIUNWIND";"Unwind";"dead";"5493006QMFDDMYWIAM13101610065U339";"";"";"";"EQ SWAP";"10.26084000";"";"Equity:PortfolioSwap:PriceReturnBasicPerformance:SingleName";""
"Termination";"1051_10049_U704_SWAPONE_SWAPSWAPONEEQSWP";"1051_10049_U704_SWAPONE_SWAP";"BDSD";"LONDON BRANCH";"SSAL13";"2025-12-29";"2026-11-03";"2026-11-03";"1711560.0";"";"mxContractEventIUNWIND";"Unwind";"dead";"5493006QMFDDMYWIAM13105110049U704";"";"";"";"EQ SWAP";"25.17000000";"";"Equity:PortfolioSwap:PriceReturnBasicPerformance:SingleName";""
"Termination";"1071_10060_U962_SWAPONE_SWAPSWAPONEEQSWP";"1071_10060_U962_SWAPONE_SWAP";"BDSD";"LONDON BRANCH";"FFASL1";"2026-02-09";"2027-02-02";"2027-02-02";"34895.9997";"";"mxContractEventIUNWIND";"Unwind";"dead";"5493006QMFDDMYWIAM13107110060U962";"";"";"";"EQ SWAP";"38.77333300";"";"Equity:PortfolioSwap:PriceReturnBasicPerformance:SingleName";""
"Termination";"1043_10067_U481_SWAPONE_SWAPSWAPONEEQSWP";"1043_10067_U481_SWAPONE_SWAP";"BDSD";"LONDON BRANCH";"00FLOO";"2025-09-30";"2026-07-13";"2026-07-13";"13870260";"";"mxContractEventIUNWIND";"Unwind";"dead";"5493006QMFDDMYWIAM13104310067U481";"";"";"";"EQ SWAP";"18.42000000";"";"Equity:PortfolioSwap:PriceReturnBasicPerformance:SingleName";""
"Termination";"1016_10020_U122_SWAPONE_SWAPSWAPONEEQSWP";"1016_10020_U122_SWAPONE_SWAP";"BDSD";"LONDON BRANCH";"FPFL12";"2025-04-08";"2026-01-20";"2026-01-20";"5076.0";"";"mxContractEventIUNWIND";"Unwind";"dead";"5493006QMFDDMYWIAM13101610020U122";"";"";"";"EQ SWAP";"5.64000000";"";"Equity:PortfolioSwap:PriceReturnBasicPerformance:SingleName";""
"Termination";"1016_10075_U312_SWAPONE_SWAPSWAPONEEQSWP";"1016_10075_U312_SWAPONE_SWAP";"BDSD";"LONDON BRANCH";"FPFL12";"2025-03-31";"2026-01-20";"2026-01-20";"782600.0";"";"mxContractEventIUNWIND";"Unwind";"dead";"5493006QMFDDMYWIAM13101610075U312";"";"";"";"EQ SWAP";"39.13000000";"";"Equity:PortfolioSwap:PriceReturnBasicPerformance:SingleName";""
"Termination";"1016_10039_U330_SWAPONE_SWAPSWAPONEEQSWP";"1016_10039_U330_SWAPONE_SWAP";"BDSD";"LONDON BRANCH";"FPFL12";"2025-04-30";"2026-01-20";"2026-01-20";"1588933.005";"";"mxContractEventIUNWIND";"Unwind";"dead";"5493006QMFDDMYWIAM13101610039U330";"";"";"";"EQ SWAP";"105.92886700";"";"Equity:PortfolioSwap:PriceReturnBasicPerformance:SingleName";""
"Termination";"1044_10038_U530_SWAPONE_SWAPSWAPONEEQSWP";"1044_10038_U530_SWAPONE_SWAP";"BDSD";"LONDON BRANCH";"TZY1";"2025-10-10";"2026-08-05";"2026-08-05";"25282500";"";"mxContractEventIUNWIND";"Unwind";"dead";"5493006QMFDDMYWIAM13104410038U530";"";"";"";"EQ SWAP";"33.71000000";"";"Equity:PortfolioSwap:PriceReturnBasicPerformance:SingleName";""
"Termination";"1016_10030_U336_SWAPONE_SWAPSWAPONEEQSWP";"1016_10030_U336_SWAPONE_SWAP";"BDSD";"LONDON BRANCH";"FPFL12";"2025-10-09";"2026-01-20";"2026-01-20";"2897998.30011081";"";"mxContractEventIUNWIND";"Unwind";"dead";"5493006QMFDDMYWIAM13101610030U336";"";"";"";"EQ SWAP";"15.81013803";"";"Equity:PortfolioSwap:PriceReturnBasicPerformance:SingleName";""
"Termination";"1030_10005_U294_SWAPONE_SWAPSWAPONEEQSWP";"1030_10005_U294_SWAPONE_SWAP";"BDSD";"LONDON BRANCH";"00Y7RD";"2025-09-23";"2026-02-03";"2026-02-03";"0.0";"";"mxContractEventIUNWIND";"Unwind";"dead";"5493006QMFDDMYWIAM13103010005U294";"";"";"";"EQ SWAP";"0";"";"Equity:PortfolioSwap:PriceReturnBasicPerformance:SingleName";""
"Termination";"1044_10022_U498_SWAPONE_SWAPSWAPONEEQSWP";"1044_10022_U498_SWAPONE_SWAP";"BDSD";"LONDON BRANCH";"00ZICG";"2026-02-06";"2026-08-05";"2026-08-05";"1744065.151999451";"";"mxContractEventIUNWIND";"Unwind";"dead";"5493006QMFDDMYWIAM13104410022U498";"";"5493006QMFDDMYWIAM131044_10022_U959";"";"EQ SWAP";"47.57276539";"";"Equity:PortfolioSwap:PriceReturnBasicPerformance:SingleName";""
"Termination";"1070_10043_U1058_SWAPONE_SWAPSWAPONEEQSWP";"1070_10043_U1058_SWAPONE_SWAP";"BDSD";"LONDON BRANCH";"FPFL12";"2026-03-24";"2027-02-02";"2027-02-02";"936340.0";"";"mxContractEventIUNWIND";"Unwind";"dead";"5493006QMFDDMYWIAM13107010043U1058";"";"";"";"EQ SWAP";"3.74536000";"";"Equity:PortfolioSwap:PriceReturnBasicPerformance:SingleName";""
"Termination";"1030_10052_U372_SWAPONE_SWAPSWAPONEEQSWP";"1030_10052_U372_SWAPONE_SWAP";"BDSD";"LONDON BRANCH";"FFASL1";"2025-05-30";"2026-02-03";"2026-02-03";"106908.9988";"";"mxContractEventIUNWIND";"Unwind";"dead";"5493006QMFDDMYWIAM13103010052U372";"";"";"";"EQ SWAP";"36.86517200";"";"Equity:PortfolioSwap:PriceReturnBasicPerformance:SingleName";""
"Termination";"1044_10075_U1052_SWAPONE_SWAPSWAPONEEQSWP";"1044_10075_U1052_SWAPONE_SWAP";"BDSD";"LONDON BRANCH";"TZY1";"2026-03-10";"2026-08-05";"2026-08-05";"2447200.0";"";"mxContractEventIUNWIND";"Unwind";"dead";"5493006QMFDDMYWIAM13104410075U1052";"";"";"";"EQ SWAP";"61.18000000";"";"Equity:PortfolioSwap:PriceReturnBasicPerformance:SingleName";""
"Termination";"1041_13501_U515_SWAPONE_SWAPSWAPONEEQSWP";"1041_13501_U515_SWAPONE_SWAP";"BDSD";"LONDON BRANCH";"00FLOO";"2026-04-27";"2027-01-04";"2027-01-04";"5272431.0";"";"mxContractEventIUNWIND";"Unwind";"dead";"5493006QMFDDMYWIAM13104113501U515";"";"";"";"EQ SWAP";"15.43000000";"";"Equity:PortfolioSwap:PriceReturnBasicPerformance:SingleName";""
"Termination";"1051_16503_U943_SWAPONE_SWAPSWAPONEEQSWP";"1051_16503_U943_SWAPONE_SWAP";"BDSD";"LONDON BRANCH";"SSAL13";"2026-02-03";"2026-11-03";"2026-11-03";"3434999.9587";"";"mxContractEventIUNWIND";"Unwind";"dead";"5493006QMFDDMYWIAM13105116503U943";"";"";"";"EQ SWAP";"30.15803300";"";"Equity:PortfolioSwap:PriceReturnBasicPerformance:SingleName";""
"Termination";"1071_10021_U966_SWAPONE_SWAPSWAPONEEQSWP";"1071_10021_U966_SWAPONE_SWAP";"BDSD";"LONDON BRANCH";"FFASL1";"2026-02-09";"2027-02-02";"2027-02-02";"59185.0002";"";"mxContractEventIUNWIND";"Unwind";"dead";"5493006QMFDDMYWIAM13107110021U966";"";"";"";"EQ SWAP";"17.40735300";"";"Equity:PortfolioSwap:PriceReturnBasicPerformance:SingleName";""
"Termination";"1051_10022_U655_SWAPONE_SWAPSWAPONEEQSWP";"1051_10022_U655_SWAPONE_SWAP";"BDSD";"LONDON BRANCH";"00YRB9";"2026-03-17";"2026-11-03";"2026-11-03";"765150.0";"";"mxContractEventIUNWIND";"Unwind";"dead";"5493006QMFDDMYWIAM13105110022U655";"";"5493006QMFDDMYWIAM131051_10022_U1083";"";"EQ SWAP";"51.01000000";"";"Equity:PortfolioSwap:PriceReturnBasicPerformance:SingleName";""
"Termination";"1044_13501_U550_SWAPONE_SWAPSWAPONEEQSWP";"1044_13501_U550_SWAPONE_SWAP";"BDSD";"LONDON BRANCH";"007Y6R";"2026-01-05";"2026-08-05";"2026-08-05";"5067780.6";"";"mxContractEventIUNWIND";"Unwind";"dead";"5493006QMFDDMYWIAM13104413501U550";"";"5493006QMFDDMYWIAM131044_13501_U804";"";"EQ SWAP";"13.08000000";"";"Equity:PortfolioSwap:PriceReturnBasicPerformance:SingleName";""
"Termination";"1051_10007_U973_SWAPONE_SWAPSWAPONEEQSWP";"1051_10007_U973_SWAPONE_SWAP";"BDSD";"LONDON BRANCH";"SSAL13";"2026-02-10";"2026-11-03";"2026-11-03";"2318750.0";"";"mxContractEventIUNWIND";"Unwind";"dead";"5493006QMFDDMYWIAM13105110007U973";"";"";"";"EQ SWAP";"18.55000000";"";"Equity:PortfolioSwap:PriceReturnBasicPerformance:SingleName";""
"Termination";"1044_10075_U1093_SWAPONE_SWAPSWAPONEEQSWP";"1044_10075_U1093_SWAPONE_SWAP";"BDSD";"LONDON BRANCH";"TZY1";"2026-03-24";"2026-08-05";"2026-08-05";"5126400.0";"";"mxContractEventIUNWIND";"Unwind";"dead";"5493006QMFDDMYWIAM13104410075U1093";"";"";"";"EQ SWAP";"56.96000000";"";"Equity:PortfolioSwap:PriceReturnBasicPerformance:SingleName";""
"Termination";"1051_10075_U1174_SWAPONE_SWAPSWAPONEEQSWP";"1051_10075_U1174_SWAPONE_SWAP";"BDSD";"LONDON BRANCH";"SSAL13";"2026-04-13";"2026-11-03";"2026-11-03";"32637859";"";"mxContractEventIUNWIND";"Unwind";"dead";"5493006QMFDDMYWIAM13105110075U1174";"";"";"";"EQ SWAP";"65.27571800";"";"Equity:PortfolioSwap:PriceReturnBasicPerformance:SingleName";""
"Termination";"1016_10052_U244_SWAPONE_SWAPSWAPONEEQSWP";"1016_10052_U244_SWAPONE_SWAP";"BDSD";"LONDON BRANCH";"FPFL12";"2025-03-31";"2026-01-20";"2026-01-20";"1507500.0";"";"mxContractEventIUNWIND";"Unwind";"dead";"5493006QMFDDMYWIAM13101610052U244";"";"";"";"EQ SWAP";"30.15000000";"";"Equity:PortfolioSwap:PriceReturnBasicPerformance:SingleName";""
"Termination";"1041_10101_U472_SWAPONE_SWAPSWAPONEEQSWP";"1041_10101_U472_SWAPONE_SWAP";"BDSD";"LONDON BRANCH";"00FLOO";"2025-08-29";"2026-01-01";"2026-01-01";"17441.0001";"";"mxContractEventIUNWIND";"Unwind";"dead";"5493006QMFDDMYWIAM13104110101U472";"";"";"";"EQ SWAP";"19.37888900";"";"Equity:PortfolioSwap:PriceReturnBasicPerformance:SingleName";""
"Termination";"1016_11484_U849_SWAPONE_SWAPSWAPONEEQSWP";"1016_11484_U849_SWAPONE_SWAP";"BDSD";"LONDON BRANCH";"FPFL12";"2026-01-16";"2026-05-04";"2026-05-04";"2247868.0";"";"mxContractEventIUNWIND";"Unwind";"dead";"5493006QMFDDMYWIAM13101611484U849";"";"";"";"EQ SWAP";"22.47868000";"";"Equity:PortfolioSwap:PriceReturnBasicPerformance:SingleName";""
"Termination";"1051_10075_U1178_SWAPONE_SWAPSWAPONEEQSWP";"1051_10075_U1178_SWAPONE_SWAP";"BDSD";"LONDON BRANCH";"SSAL13";"2026-04-14";"2026-11-03";"2026-11-03";"3373084.0";"";"mxContractEventIUNWIND";"Unwind";"dead";"5493006QMFDDMYWIAM13105110075U1178";"";"";"";"EQ SWAP";"67.46168000";"";"Equity:PortfolioSwap:PriceReturnBasicPerformance:SingleName";""
"Termination";"1030_10401_U295_SWAPONE_SWAPSWAPONEEQSWP";"1030_10401_U295_SWAPONE_SWAP";"BDSD";"LONDON BRANCH";"00Y7RD";"2025-12-15";"2026-02-03";"2026-02-03";"965965.99999824";"";"mxContractEventIRESTRUCTURE";"Cancel";"dead";"5493006QMFDDMYWIAM13103010401U295";"";"5493006QMFDDMYWIAM131030_10401_U643";"";"EQ SWAP";"16.54051370";"";"Equity:PortfolioSwap:PriceReturnBasicPerformance:SingleName";""
"Termination";"1016_11530_U803_SWAPONE_SWAPSWAPONEEQSWP";"1016_11530_U803_SWAPONE_SWAP";"BDSD";"LONDON BRANCH";"FPFL12";"2026-01-13";"2026-01-20";"2026-01-20";"1416379.0";"";"mxContractEventIUNWIND";"Unwind";"dead";"5493006QMFDDMYWIAM13101611530U803";"";"";"";"EQ SWAP";"14.16379000";"";"Equity:PortfolioSwap:PriceReturnBasicPerformance:SingleName";""
"Termination";"1030_10005_U420_SWAPONE_SWAPSWAPONEEQSWP";"1030_10005_U420_SWAPONE_SWAP";"BDSD";"LONDON BRANCH";"FFASL1";"2025-06-26";"2026-02-03";"2026-02-03";"111394.9977";"";"mxContractEventIUNWIND";"Unwind";"dead";"5493006QMFDDMYWIAM13103010005U420";"";"";"";"EQ SWAP";"22.73367300";"";"Equity:PortfolioSwap:PriceReturnBasicPerformance:SingleName";""
"Termination";"1070_10008_U1222_SWAPONE_SWAPSWAPONEEQSWP";"1070_10008_U1222_SWAPONE_SWAP";"BDSD";"LONDON BRANCH";"FPFL12";"2026-04-24";"2027-02-02";"2027-02-02";"1504385.0790027";"";"mxContractEventIUNWIND";"Unwind";"dead";"5493006QMFDDMYWIAM13107010008U1222";"";"";"";"EQ SWAP";"19.04284910";"";"Equity:PortfolioSwap:PriceReturnBasicPerformance:SingleName";""
"Termination";"1041_10056_U513_SWAPONE_SWAPSWAPONEEQSWP";"1041_10056_U513_SWAPONE_SWAP";"BDSD";"LONDON BRANCH";"00FLOO";"2025-10-16";"2026-01-01";"2026-01-01";"633366.0";"";"mxContractEventIUNWIND";"Unwind";"dead";"5493006QMFDDMYWIAM13104110056U513";"";"";"";"EQ SWAP";"9.51000000";"";"Equity:PortfolioSwap:PriceReturnBasicPerformance:SingleName";""
"Termination";"1041_13407_U475_SWAPONE_SWAPSWAPONEEQSWP";"1041_13407_U475_SWAPONE_SWAP";"BDSD";"LONDON BRANCH";"00FLOO";"2025-08-29";"2026-01-01";"2026-01-01";"51750.0";"";"mxContractEventIUNWIND";"Unwind";"dead";"5493006QMFDDMYWIAM13104113407U475";"";"";"";"EQ SWAP";"10.35000000";"";"Equity:PortfolioSwap:PriceReturnBasicPerformance:SingleName";""
"Termination";"1070_13801_U1191_SWAPONE_SWAPSWAPONEEQSWP";"1070_13801_U1191_SWAPONE_SWAP";"BDSD";"LONDON BRANCH";"FPFL12";"2026-04-16";"2027-02-02";"2027-02-02";"1300000.0";"";"mxContractEventIUNWIND";"Unwind";"dead";"5493006QMFDDMYWIAM13107013801U1191";"";"";"";"EQ SWAP";"13.00000000";"";"Equity:PortfolioSwap:PriceReturnBasicPerformance:SingleName";""
"Termination";"1030_10401_U495_SWAPONE_SWAPSWAPONEEQSWP";"1030_10401_U495_SWAPONE_SWAP";"BDSD";"LONDON BRANCH";"00Y7RA";"2025-12-15";"2026-02-03";"2026-02-03";"266308.9999997";"";"mxContractEventIRESTRUCTURE";"Cancel";"dead";"5493006QMFDDMYWIAM13103010401U495";"";"5493006QMFDDMYWIAM131030_10401_U643";"";"EQ SWAP";"16.54093168";"";"Equity:PortfolioSwap:PriceReturnBasicPerformance:SingleName";""
"Termination";"1051_10027_U994_SWAPONE_SWAPSWAPONEEQSWP";"1051_10027_U994_SWAPONE_SWAP";"BDSD";"LONDON BRANCH";"SSAL13";"2026-02-19";"2026-11-03";"2026-11-03";"10240114";"";"mxContractEventIUNWIND";"Unwind";"dead";"5493006QMFDDMYWIAM13105110027U994";"";"";"";"EQ SWAP";"40.96045600";"";"Equity:PortfolioSwap:PriceReturnBasicPerformance:SingleName";""
"Termination";"1051_10045_U707_SWAPONE_SWAPSWAPONEEQSWP";"1051_10045_U707_SWAPONE_SWAP";"BDSD";"LONDON BRANCH";"SSAL13";"2025-12-29";"2026-11-03";"2026-11-03";"378280.0";"";"mxContractEventIUNWIND";"Unwind";"dead";"5493006QMFDDMYWIAM13105110045U707";"";"";"";"EQ SWAP";"13.51000000";"";"Equity:PortfolioSwap:PriceReturnBasicPerformance:SingleName";""
"Termination";"1051_10045_U796_SWAPONE_SWAPSWAPONEEQSWP";"1051_10045_U796_SWAPONE_SWAP";"BDSD";"LONDON BRANCH";"SSAL13";"2026-01-02";"2026-11-03";"2026-11-03";"1317260.0";"";"mxContractEventIUNWIND";"Unwind";"dead";"5493006QMFDDMYWIAM13105110045U796";"";"";"";"EQ SWAP";"13.58000000";"";"Equity:PortfolioSwap:PriceReturnBasicPerformance:SingleName";""
"Termination";"1070_10038_U996_SWAPONE_SWAPSWAPONEEQSWP";"1070_10038_U996_SWAPONE_SWAP";"BDSD";"LONDON BRANCH";"FPFL12";"2026-03-20";"2027-02-02";"2027-02-02";"1708570.00259816";"";"mxContractEventIUNWIND";"Unwind";"dead";"5493006QMFDDMYWIAM13107010038U996";"";"";"";"EQ SWAP";"10.16400953";"";"Equity:PortfolioSwap:PriceReturnBasicPerformance:SingleName";""
"Termination";"1016_10024_U920_SWAPONE_SWAPSWAPONEEQSWP";"1016_10024_U920_SWAPONE_SWAP";"BDSD";"LONDON BRANCH";"FPFL12";"2026-01-30";"2026-05-04";"2026-05-04";"1483740.99";"";"mxContractEventIUNWIND";"Unwind";"dead";"5493006QMFDDMYWIAM13101610024U920";"";"";"";"EQ SWAP";"49.45803300";"";"Equity:PortfolioSwap:PriceReturnBasicPerformance:SingleName";""
"Termination";"1051_10307_U689_SWAPONE_SWAPSWAPONEEQSWP";"1051_10307_U689_SWAPONE_SWAP";"BDSD";"LONDON BRANCH";"SSAL13";"2025-12-26";"2026-11-03";"2026-11-03";"2690640.0";"";"mxContractEventIUNWIND";"Unwind";"dead";"5493006QMFDDMYWIAM13105110307U689";"";"";"";"EQ SWAP";"9.09000000";"";"Equity:PortfolioSwap:PriceReturnBasicPerformance:SingleName";""
"Increase";"1070_11312_U926_SWAPONE_SWAPSWAPONEEQSWP";"1070_11312_U926_SWAPONE_SWAP";"BDSD";"LONDON BRANCH";"FPFL12";"2026-04-13";"2027-02-02";"2027-02-02";"7723558.039985832";"";"mxContractEventIRESTRUCTURE";"Restructure";"live";"5493006QMFDDMYWIAM13107011312U926";"";"";"";"EQ SWAP";"19.13102440";"";"Equity:PortfolioSwap:PriceReturnBasicPerformance:SingleName";""
"Termination";"1073_10055_U997_SWAPONE_SWAPSWAPONEEQSWP";"1073_10055_U997_SWAPONE_SWAP";"BDSD";"LONDON BRANCH";"0087I2";"2026-02-19";"2027-02-23";"2027-02-23";"2221676.0";"";"mxContractEventIUNWIND";"Unwind";"dead";"5493006QMFDDMYWIAM13107310055U997";"";"";"";"EQ SWAP";"44.43352000";"";"Equity:PortfolioSwap:PriceReturnBasicPerformance:SingleName";""
"Termination";"1030_10401_U462_SWAPONE_SWAPSWAPONEEQSWP";"1030_10401_U462_SWAPONE_SWAP";"BDSD";"LONDON BRANCH";"FFASL1";"2025-08-21";"2026-02-03";"2026-02-03";"109546.0015";"";"mxContractEventIUNWIND";"Unwind";"dead";"5493006QMFDDMYWIAM13103010401U462";"";"";"";"EQ SWAP";"16.85323100";"";"Equity:PortfolioSwap:PriceReturnBasicPerformance:SingleName";""
"Termination";"1016_13410_U362_SWAPONE_SWAPSWAPONEEQSWP";"1016_13410_U362_SWAPONE_SWAP";"BDSD";"LONDON BRANCH";"FPFL12";"2025-11-17";"2026-01-20";"2026-01-20";"42650.0";"";"mxContractEventIUNWIND";"Unwind";"dead";"5493006QMFDDMYWIAM13101613410U362";"";"";"";"EQ SWAP";"8.53000000";"";"Equity:PortfolioSwap:PriceReturnBasicPerformance:SingleName";""
"Termination";"1051_10052_U628_SWAPONE_SWAPSWAPONEEQSWP";"1051_10052_U628_SWAPONE_SWAP";"BDSD";"LONDON BRANCH";"0087I1";"2025-12-22";"2026-11-03";"2026-11-03";"0.0";"";"mxContractEventIUNWIND";"Unwind";"dead";"5493006QMFDDMYWIAM13105110052U628";"";"5493006QMFDDMYWIAM131051_10052_U667";"";"EQ SWAP";"0";"";"Equity:PortfolioSwap:PriceReturnBasicPerformance:SingleName";""
"Amendment";"1063_14918_U882_SWAPONE_SWAPSWAPONEEQSWP";"1063_14918_U882_SWAPONE_SWAP";"BDSD";"LONDON BRANCH";"007Y6R";"2026-04-09";"2026-11-13";"2026-11-13";"42602955.9684864";"";"mxContractEventIRESTRUCTURE";"Restructure";"live";"5493006QMFDDMYWIAM13106314918U882";"";"5493006QMFDDMYWIAM131063_14918_U1142";"";"EQ SWAP";"83.29153920";"";"Equity:PortfolioSwap:PriceReturnBasicPerformance:SingleName";""
"Termination";"1051_10311_U793_SWAPONE_SWAPSWAPONEEQSWP";"1051_10311_U793_SWAPONE_SWAP";"BDSD";"LONDON BRANCH";"SSAL13";"2026-01-02";"2026-11-03";"2026-11-03";"5462500.0";"";"mxContractEventIUNWIND";"Unwind";"dead";"5493006QMFDDMYWIAM13105110311U793";"";"";"";"EQ SWAP";"8.74000000";"";"Equity:PortfolioSwap:PriceReturnBasicPerformance:SingleName";""
"Termination";"1071_10401_U1180_SWAPONE_SWAPSWAPONEEQSWP";"1071_10401_U1180_SWAPONE_SWAP";"BDSD";"LONDON BRANCH";"FFASL1";"2026-04-15";"2027-02-02";"2027-02-02";"57345.999";"";"mxContractEventIUNWIND";"Unwind";"dead";"5493006QMFDDMYWIAM13107110401U1180";"";"";"";"EQ SWAP";"19.11533300";"";"Equity:PortfolioSwap:PriceReturnBasicPerformance:SingleName";""
"Termination";"1051_13301_U687_SWAPONE_SWAPSWAPONEEQSWP";"1051_13301_U687_SWAPONE_SWAP";"BDSD";"LONDON BRANCH";"SSAL13";"2025-12-26";"2026-11-03";"2026-11-03";"4294000.0";"";"mxContractEventIUNWIND";"Unwind";"dead";"5493006QMFDDMYWIAM13105113301U687";"";"";"";"EQ SWAP";"28.25000000";"";"Equity:PortfolioSwap:PriceReturnBasicPerformance:SingleName";""
"Termination";"1065_15221_U1016_SWAPONE_SWAPSWAPONEEQSWP";"1065_15221_U1016_SWAPONE_SWAP";"BDSD";"LONDON BRANCH";"SSAL13";"2026-02-23";"2026-12-10";"2026-12-10";"4249814.355";"";"mxContractEventIUNWIND";"Unwind";"dead";"5493006QMFDDMYWIAM13106515221U1016";"";"";"";"EQ SWAP";"283.32095700";"";"Equity:PortfolioSwap:PriceReturnBasicPerformance:SingleName";""
"Termination";"1051_15703_U701_SWAPONE_SWAPSWAPONEEQSWP";"1051_15703_U701_SWAPONE_SWAP";"BDSD";"LONDON BRANCH";"0087I1";"2026-01-02";"2026-11-03";"2026-11-03";"8663555.4180154";"";"mxContractEventIUNWIND";"Unwind";"dead";"5493006QMFDDMYWIAM13105115703U701";"";"5493006QMFDDMYWIAM131051_15703_U795";"";"EQ SWAP";"19.96210926";"";"Equity:PortfolioSwap:PriceReturnBasicPerformance:SingleName";""
"Termination";"1016_10074_U392_SWAPONE_SWAPSWAPONEEQSWP";"1016_10074_U392_SWAPONE_SWAP";"BDSD";"LONDON BRANCH";"FPFL12";"2025-06-02";"2026-01-20";"2026-01-20";"629000.0";"";"mxContractEventIUNWIND";"Unwind";"dead";"5493006QMFDDMYWIAM13101610074U392";"";"";"";"EQ SWAP";"12.58000000";"";"Equity:PortfolioSwap:PriceReturnBasicPerformance:SingleName";""
"Cancel";"1016_10062_U382_SWAPONE_SWAPSWAPONEEQSWP";"1016_10062_U382_SWAPONE_SWAP";"BDSD";"LONDON BRANCH";"FPFL12";"2025-06-02";"2026-01-20";"2026-01-20";"0.0";"";"Cancel";"UNKNOWN";"dead";"5493006QMFDDMYWIAM13101610062U382";"";"";"";"EQ SWAP";"0";"";"Equity:PortfolioSwap:PriceReturnBasicPerformance:SingleName";""
"Termination";"1016_10026_U414_SWAPONE_SWAPSWAPONEEQSWP";"1016_10026_U414_SWAPONE_SWAP";"BDSD";"LONDON BRANCH";"FPFL12";"2025-07-15";"2026-01-20";"2026-01-20";"651189.5719872";"";"mxContractEventIUNWIND";"Cancel";"dead";"5493006QMFDDMYWIAM13101610026U414";"";"";"";"EQ SWAP";"7.07814752";"";"Equity:PortfolioSwap:PriceReturnBasicPerformance:SingleName";""
"Termination";"1016_11312_U356_SWAPONE_SWAPSWAPONEEQSWP";"1016_11312_U356_SWAPONE_SWAP";"BDSD";"LONDON BRANCH";"FPFL12";"2025-05-27";"2026-01-20";"2026-01-20";"1707447.0";"";"mxContractEventIUNWIND";"Unwind";"dead";"5493006QMFDDMYWIAM13101611312U356";"";"";"";"EQ SWAP";"22.76596000";"";"Equity:PortfolioSwap:PriceReturnBasicPerformance:SingleName";""
"Termination";"1051_10027_U672_SWAPONE_SWAPSWAPONEEQSWP";"1051_10027_U672_SWAPONE_SWAP";"BDSD";"LONDON BRANCH";"SSAL13";"2025-12-22";"2026-11-03";"2026-11-03";"1396125.0";"";"mxContractEventIUNWIND";"Unwind";"dead";"5493006QMFDDMYWIAM13105110027U672";"";"";"";"EQ SWAP";"32.85000000";"";"Equity:PortfolioSwap:PriceReturnBasicPerformance:SingleName";""
"Termination";"1043_13407_U427_SWAPONE_SWAPSWAPONEEQSWP";"1043_13407_U427_SWAPONE_SWAP";"BDSD";"LONDON BRANCH";"00FLOO";"2025-09-30";"2026-07-13";"2026-07-13";"521850.02280192";"";"mxContractEventIUNWIND";"Unwind";"dead";"5493006QMFDDMYWIAM13104313407U427";"";"";"";"EQ SWAP";"9.95896990";"";"Equity:PortfolioSwap:PriceReturnBasicPerformance:SingleName";""
"Termination";"1016_10039_U645_SWAPONE_SWAPSWAPONEEQSWP";"1016_10039_U645_SWAPONE_SWAP";"BDSD";"LONDON BRANCH";"FPFL12";"2026-01-13";"2026-01-20";"2026-01-20";"0.0";"";"mxContractEventIUNWIND";"Unwind";"dead";"5493006QMFDDMYWIAM13101610039U645";"";"";"";"EQ SWAP";"0";"";"Equity:PortfolioSwap:PriceReturnBasicPerformance:SingleName";""
"Termination";"1051_10307_U729_SWAPONE_SWAPSWAPONEEQSWP";"1051_10307_U729_SWAPONE_SWAP";"BDSD";"LONDON BRANCH";"SSAL13";"2025-12-30";"2026-11-03";"2026-11-03";"1840900.0";"";"mxContractEventIUNWIND";"Unwind";"dead";"5493006QMFDDMYWIAM13105110307U729";"";"";"";"EQ SWAP";"8.98000000";"";"Equity:PortfolioSwap:PriceReturnBasicPerformance:SingleName";""
"Increase";"1063_14925_U582_SWAPONE_SWAPSWAPONEEQSWP";"1063_14925_U582_SWAPONE_SWAP";"BDSD";"LONDON BRANCH";"00ZICG";"2026-04-09";"2026-11-13";"2026-11-13";"453500145.26007384";"";"mxContractEventIRESTRUCTURE";"Restructure";"live";"5493006QMFDDMYWIAM13106314925U582";"";"5493006QMFDDMYWIAM131063_14925_U1143";"";"EQ SWAP";"135.39524509";"";"Equity:PortfolioSwap:PriceReturnBasicPerformance:SingleName";""
"Termination";"1051_10052_U636_SWAPONE_SWAPSWAPONEEQSWP";"1051_10052_U636_SWAPONE_SWAP";"BDSD";"LONDON BRANCH";"SSAL13";"2025-12-10";"2026-11-03";"2026-11-03";"1363200.0";"";"mxContractEventIUNWIND";"Unwind";"dead";"5493006QMFDDMYWIAM13105110052U636";"";"";"";"EQ SWAP";"38.40000000";"";"Equity:PortfolioSwap:PriceReturnBasicPerformance:SingleName";""
"Termination";"1051_10865_U788_SWAPONE_SWAPSWAPONEEQSWP";"1051_10865_U788_SWAPONE_SWAP";"BDSD";"LONDON BRANCH";"00YRB9";"2026-01-26";"2026-11-03";"2026-11-03";"2815477.99848507";"";"mxContractEventIUNWIND";"Unwind";"dead";"5493006QMFDDMYWIAM13105110865U788";"";"";"";"EQ SWAP";"11.34815799";"";"Equity:PortfolioSwap:PriceReturnBasicPerformance:SingleName";""
"Termination";"1073_10055_U998_SWAPONE_SWAPSWAPONEEQSWP";"1073_10055_U998_SWAPONE_SWAP";"BDSD";"LONDON BRANCH";"SSAL13";"2026-02-19";"2027-02-23";"2027-02-23";"2221676.0";"";"mxContractEventIUNWIND";"Unwind";"dead";"5493006QMFDDMYWIAM13107310055U998";"";"";"";"EQ SWAP";"44.43352000";"";"Equity:PortfolioSwap:PriceReturnBasicPerformance:SingleName";""
"Termination";"1030_10075_U352_SWAPONE_SWAPSWAPONEEQSWP";"1030_10075_U352_SWAPONE_SWAP";"BDSD";"LONDON BRANCH";"FFASL1";"2025-05-08";"2026-02-03";"2026-02-03";"26040.0";"";"mxContractEventIUNWIND";"Unwind";"dead";"5493006QMFDDMYWIAM13103010075U352";"";"";"";"EQ SWAP";"43.40000000";"";"Equity:PortfolioSwap:PriceReturnBasicPerformance:SingleName";""
"Allocation";"1063_14906_U1158_SWAPONE_SWAPSWAPONEEQSWP";"1063_14906_U1158_SWAPONE_SWAP";"BDSD";"LONDON BRANCH";"00ZICD";"2026-04-10";"2026-11-13";"2026-11-13";"1338518520.840208";"";"Insert";"Insert";"live";"5493006QMFDDMYWIAM13106314906U1158";"";"5493006QMFDDMYWIAM131063_14906_U1154";"";"EQ SWAP";"352.71147200";"";"Equity:PortfolioSwap:PriceReturnBasicPerformance:SingleName";""
"Termination";"1041_10067_U252_SWAPONE_SWAPSWAPONEEQSWP";"1041_10067_U252_SWAPONE_SWAP";"BDSD";"LONDON BRANCH";"00FLOO";"2025-08-29";"2026-01-01";"2026-01-01";"27876060";"";"mxContractEventIUNWIND";"Unwind";"dead";"5493006QMFDDMYWIAM13104110067U252";"";"";"";"EQ SWAP";"18.51000000";"";"Equity:PortfolioSwap:PriceReturnBasicPerformance:SingleName";""
"Termination";"1044_10024_U1173_SWAPONE_SWAPSWAPONEEQSWP";"1044_10024_U1173_SWAPONE_SWAP";"BDSD";"LONDON BRANCH";"TZY1";"2026-04-13";"2026-08-05";"2026-08-05";"7342500.0";"";"mxContractEventIUNWIND";"Unwind";"dead";"5493006QMFDDMYWIAM13104410024U1173";"";"";"";"EQ SWAP";"48.95000000";"";"Equity:PortfolioSwap:PriceReturnBasicPerformance:SingleName";""
"Termination";"1030_10022_U366_SWAPONE_SWAPSWAPONEEQSWP";"1030_10022_U366_SWAPONE_SWAP";"BDSD";"LONDON BRANCH";"FFASL1";"2025-05-20";"2026-02-03";"2026-02-03";"108804.0001";"";"mxContractEventIUNWIND";"Unwind";"dead";"5493006QMFDDMYWIAM13103010022U366";"";"";"";"EQ SWAP";"47.30608700";"";"Equity:PortfolioSwap:PriceReturnBasicPerformance:SingleName";""
"Termination";"1044_13301_U444_SWAPONE_SWAPSWAPONEEQSWP";"1044_13301_U444_SWAPONE_SWAP";"BDSD";"LONDON BRANCH";"TZY1";"2025-08-08";"2026-08-05";"2026-08-05";"44300000";"";"mxContractEventIUNWIND";"Unwind";"dead";"5493006QMFDDMYWIAM13104413301U444";"";"";"";"EQ SWAP";"22.15000000";"";"Equity:PortfolioSwap:PriceReturnBasicPerformance:SingleName";""
"Termination";"1051_11017_U983_SWAPONE_SWAPSWAPONEEQSWP";"1051_11017_U983_SWAPONE_SWAP";"BDSD";"LONDON BRANCH";"SSAL13";"2026-02-12";"2026-11-03";"2026-11-03";"719683.0";"";"mxContractEventIUNWIND";"Unwind";"dead";"5493006QMFDDMYWIAM13105111017U983";"";"";"";"EQ SWAP";"71.96830000";"";"Equity:PortfolioSwap:PriceReturnBasicPerformance:SingleName";""
"Termination";"1044_10101_U1049_SWAPONE_SWAPSWAPONEEQSWP";"1044_10101_U1049_SWAPONE_SWAP";"BDSD";"LONDON BRANCH";"TZY1";"2026-03-09";"2026-08-05";"2026-08-05";"37394000";"";"mxContractEventIUNWIND";"Unwind";"dead";"5493006QMFDDMYWIAM13104410101U1049";"";"";"";"EQ SWAP";"26.71000000";"";"Equity:PortfolioSwap:PriceReturnBasicPerformance:SingleName";""
"Termination";"1016_11661_U381_SWAPONE_SWAPSWAPONEEQSWP";"1016_11661_U381_SWAPONE_SWAP";"BDSD";"LONDON BRANCH";"FPFL12";"2025-06-02";"2026-01-20";"2026-01-20";"1012759.000001";"";"mxContractEventIUNWIND";"Unwind";"dead";"5493006QMFDDMYWIAM13101611661U381";"";"";"";"EQ SWAP";"28.93597143";"";"Equity:PortfolioSwap:PriceReturnBasicPerformance:SingleName";""
"Termination";"1016_11087_U311_SWAPONE_SWAPSWAPONEEQSWP";"1016_11087_U311_SWAPONE_SWAP";"BDSD";"LONDON BRANCH";"FPFL12";"2025-04-08";"2026-01-20";"2026-01-20";"723451.60800946";"";"mxContractEventIUNWIND";"Unwind";"dead";"5493006QMFDDMYWIAM13101611087U311";"";"";"";"EQ SWAP";"15.29496000";"";"Equity:PortfolioSwap:PriceReturnBasicPerformance:SingleName";""
"Termination";"1051_10307_U797_SWAPONE_SWAPSWAPONEEQSWP";"1051_10307_U797_SWAPONE_SWAP";"BDSD";"LONDON BRANCH";"SSAL13";"2026-01-02";"2026-11-03";"2026-11-03";"6311640.0";"";"mxContractEventIUNWIND";"Unwind";"dead";"5493006QMFDDMYWIAM13105110307U797";"";"";"";"EQ SWAP";"8.94000000";"";"Equity:PortfolioSwap:PriceReturnBasicPerformance:SingleName";""
"Termination";"1041_10773_U315_SWAPONE_SWAPSWAPONEEQSWP";"1041_10773_U315_SWAPONE_SWAP";"BDSD";"LONDON BRANCH";"00FLOO";"2025-08-29";"2026-01-01";"2026-01-01";"46137456";"";"mxContractEventIUNWIND";"Unwind";"dead";"5493006QMFDDMYWIAM13104110773U315";"";"";"";"EQ SWAP";"7.99000000";"";"Equity:PortfolioSwap:PriceReturnBasicPerformance:SingleName";""
"Decrease";"1051_16607_U833_SWAPONE_SWAPSWAPONEEQSWP";"1051_16607_U833_SWAPONE_SWAP";"BDSD";"LONDON BRANCH";"0087I1";"2026-04-13";"2026-11-03";"2026-11-03";"469770000";"";"mxContractEventIRESTRUCTURE";"Restructure";"live";"5493006QMFDDMYWIAM13105116607U833";"";"5493006QMFDDMYWIAM131051_16607_U1176";"";"EQ SWAP";"111.85000000";"";"Equity:PortfolioSwap:PriceReturnBasicPerformance:SingleName";""
"Termination";"1051_10022_U632_SWAPONE_SWAPSWAPONEEQSWP";"1051_10022_U632_SWAPONE_SWAP";"BDSD";"LONDON BRANCH";"SSAL13";"2025-12-10";"2026-11-03";"2026-11-03";"1365435.0";"";"mxContractEventIUNWIND";"Unwind";"dead";"5493006QMFDDMYWIAM13105110022U632";"";"";"";"EQ SWAP";"47.91000000";"";"Equity:PortfolioSwap:PriceReturnBasicPerformance:SingleName";""
"Termination";"1070_11530_U925_SWAPONE_SWAPSWAPONEEQSWP";"1070_11530_U925_SWAPONE_SWAP";"BDSD";"LONDON BRANCH";"FPFL12";"2026-02-04";"2027-02-02";"2027-02-02";"1395000.0";"";"mxContractEventIUNWIND";"Unwind";"dead";"5493006QMFDDMYWIAM13107011530U925";"";"";"";"EQ SWAP";"13.95000000";"";"Equity:PortfolioSwap:PriceReturnBasicPerformance:SingleName";""
"Termination";"1071_10060_U1218_SWAPONE_SWAPSWAPONEEQSWP";"1071_10060_U1218_SWAPONE_SWAP";"BDSD";"LONDON BRANCH";"FFASL1";"2026-04-23";"2027-02-02";"2027-02-02";"3251.0";"";"mxContractEventIUNWIND";"Unwind";"dead";"5493006QMFDDMYWIAM13107110060U1218";"";"";"";"EQ SWAP";"32.51000000";"";"Equity:PortfolioSwap:PriceReturnBasicPerformance:SingleName";""
"Termination";"1016_10022_U383_SWAPONE_SWAPSWAPONEEQSWP";"1016_10022_U383_SWAPONE_SWAP";"BDSD";"LONDON BRANCH";"FPFL12";"2025-06-02";"2026-01-20";"2026-01-20";"0.0";"";"mxContractEventIUNWIND";"Unwind";"dead";"5493006QMFDDMYWIAM13101610022U383";"";"";"";"EQ SWAP";"0";"";"Equity:PortfolioSwap:PriceReturnBasicPerformance:SingleName";""
"Termination";"1016_11308_U328_SWAPONE_SWAPSWAPONEEQSWP";"1016_11308_U328_SWAPONE_SWAP";"BDSD";"LONDON BRANCH";"FPFL12";"2025-04-01";"2026-01-20";"2026-01-20";"179180.0";"";"mxContractEventIUNWIND";"Unwind";"dead";"5493006QMFDDMYWIAM13101611308U328";"";"";"";"EQ SWAP";"28.90000000";"";"Equity:PortfolioSwap:PriceReturnBasicPerformance:SingleName";""
"Termination";"1016_10711_U526_SWAPONE_SWAPSWAPONEEQSWP";"1016_10711_U526_SWAPONE_SWAP";"BDSD";"LONDON BRANCH";"FPFL12";"2025-10-01";"2026-01-20";"2026-01-20";"350000.0";"";"mxContractEventIUNWIND";"Unwind";"dead";"5493006QMFDDMYWIAM13101610711U526";"";"";"";"EQ SWAP";"3.50000000";"";"Equity:PortfolioSwap:PriceReturnBasicPerformance:SingleName";""
"Termination";"1051_10058_U1201_SWAPONE_SWAPSWAPONEEQSWP";"1051_10058_U1201_SWAPONE_SWAP";"BDSD";"LONDON BRANCH";"SSAL13";"2026-04-17";"2026-11-03";"2026-11-03";"408000.0";"";"mxContractEventIUNWIND";"Unwind";"dead";"5493006QMFDDMYWIAM13105110058U1201";"";"";"";"EQ SWAP";"13.60000000";"";"Equity:PortfolioSwap:PriceReturnBasicPerformance:SingleName";""
"Insert";"1070_10056_U1203_SWAPONE_SWAPSWAPONEEQSWP";"1070_10056_U1203_SWAPONE_SWAP";"BDSD";"LONDON BRANCH";"FPFL12";"2026-04-17";"2027-02-02";"2027-02-02";"719457.0";"";"Insert";"Insert";"live";"5493006QMFDDMYWIAM13107010056U1203";"";"";"";"EQ SWAP";"9.59276000";"";"Equity:PortfolioSwap:PriceReturnBasicPerformance:SingleName";""
"Termination";"1016_11265_U272_SWAPONE_SWAPSWAPONEEQSWP";"1016_11265_U272_SWAPONE_SWAP";"BDSD";"LONDON BRANCH";"FPFL12";"2025-05-16";"2026-01-20";"2026-01-20";"10440.0";"";"mxContractEventIUNWIND";"Unwind";"dead";"5493006QMFDDMYWIAM13101611265U272";"";"";"";"EQ SWAP";"13.05000000";"";"Equity:PortfolioSwap:PriceReturnBasicPerformance:SingleName";""
"Termination";"1065_15238_U834_SWAPONE_SWAPSWAPONEEQSWP";"1065_15238_U834_SWAPONE_SWAP";"BDSD";"LONDON BRANCH";"SSAL13";"2026-01-13";"2026-12-10";"2026-12-10";"3139210.13";"";"mxContractEventIUNWIND";"Unwind";"dead";"5493006QMFDDMYWIAM13106515238U834";"";"";"";"EQ SWAP";"8.89000000";"";"Equity:PortfolioSwap:PriceReturnBasicPerformance:SingleName";""
"Termination";"1070_11484_U975_SWAPONE_SWAPSWAPONEEQSWP";"1070_11484_U975_SWAPONE_SWAP";"BDSD";"LONDON BRANCH";"FPFL12";"2026-02-13";"2027-02-02";"2027-02-02";"620756.0";"";"mxContractEventIUNWIND";"Unwind";"dead";"5493006QMFDDMYWIAM13107011484U975";"";"";"";"EQ SWAP";"31.03780000";"";"Equity:PortfolioSwap:PriceReturnBasicPerformance:SingleName";""
"Termination";"1044_11530_U781_SWAPONE_SWAPSWAPONEEQSWP";"1044_11530_U781_SWAPONE_SWAP";"BDSD";"LONDON BRANCH";"00ZICE";"2025-12-30";"2026-08-05";"2026-08-05";"353000.0";"";"mxContractEventIUNWIND";"Unwind";"dead";"5493006QMFDDMYWIAM13104411530U781";"";"5493006QMFDDMYWIAM131044_11530_U722";"";"EQ SWAP";"14.12000000";"";"Equity:PortfolioSwap:PriceReturnBasicPerformance:SingleName";""
"Termination";"1044_16207_U801_SWAPONE_SWAPSWAPONEEQSWP";"1044_16207_U801_SWAPONE_SWAP";"BDSD";"LONDON BRANCH";"TZY1";"2026-01-05";"2026-08-05";"2026-08-05";"96.76";"";"mxContractEventIUNWIND";"Unwind";"dead";"5493006QMFDDMYWIAM13104416207U801";"";"";"";"EQ SWAP";"48.38000000";"";"Equity:PortfolioSwap:PriceReturnBasicPerformance:SingleName";""
"Termination";"1051_10027_U1117_SWAPONE_SWAPSWAPONEEQSWP";"1051_10027_U1117_SWAPONE_SWAP";"BDSD";"LONDON BRANCH";"SSAL13";"2026-04-02";"2026-11-03";"2026-11-03";"2684954.0";"";"mxContractEventIUNWIND";"Unwind";"dead";"5493006QMFDDMYWIAM13105110027U1117";"";"";"";"EQ SWAP";"53.69908000";"";"Equity:PortfolioSwap:PriceReturnBasicPerformance:SingleName";""
"Termination";"1016_10024_U737_SWAPONE_SWAPSWAPONEEQSWP";"1016_10024_U737_SWAPONE_SWAP";"BDSD";"LONDON BRANCH";"FPFL12";"2026-01-29";"2026-05-04";"2026-05-04";"1961175.4699959";"";"mxContractEventIUNWIND";"Unwind";"dead";"5493006QMFDDMYWIAM13101610024U737";"";"";"";"EQ SWAP";"41.99519208";"";"Equity:PortfolioSwap:PriceReturnBasicPerformance:SingleName";""
"Termination";"1016_10075_U378_SWAPONE_SWAPSWAPONEEQSWP";"1016_10075_U378_SWAPONE_SWAP";"BDSD";"LONDON BRANCH";"FPFL12";"2025-06-02";"2026-01-20";"2026-01-20";"1133796.9989988";"";"mxContractEventIUNWIND";"Unwind";"dead";"5493006QMFDDMYWIAM13101610075U378";"";"";"";"EQ SWAP";"41.99248144";"";"Equity:PortfolioSwap:PriceReturnBasicPerformance:SingleName";""
"Allocation";"1051_13501_U653_SWAPONE_SWAPSWAPONEEQSWP";"1051_13501_U653_SWAPONE_SWAP";"BDSD";"LONDON BRANCH";"0087I1";"2025-12-17";"2026-11-03";"2026-11-03";"1302000.0";"";"Insert";"Insert";"live";"5493006QMFDDMYWIAM13105113501U653";"";"5493006QMFDDMYWIAM131051_13501_U650";"";"EQ SWAP";"13.02000000";"";"Equity:PortfolioSwap:PriceReturnBasicPerformance:SingleName";""
"Termination";"1016_10020_U406_SWAPONE_SWAPSWAPONEEQSWP";"1016_10020_U406_SWAPONE_SWAP";"BDSD";"LONDON BRANCH";"FPFL12";"2025-07-16";"2026-01-20";"2026-01-20";"1988794.02501";"";"mxContractEventIUNWIND";"Cancel";"dead";"5493006QMFDDMYWIAM13101610020U406";"";"";"";"EQ SWAP";"6.11936623";"";"Equity:PortfolioSwap:PriceReturnBasicPerformance:SingleName";""
"Termination";"1016_10020_U588_SWAPONE_SWAPSWAPONEEQSWP";"1016_10020_U588_SWAPONE_SWAP";"BDSD";"LONDON BRANCH";"FPFL12";"2026-01-30";"2026-05-04";"2026-05-04";"1147027.950015";"";"mxContractEventIUNWIND";"Unwind";"dead";"5493006QMFDDMYWIAM13101610020U588";"";"";"";"EQ SWAP";"7.64685300";"";"Equity:PortfolioSwap:PriceReturnBasicPerformance:SingleName";""
"Termination";"1044_10101_U1042_SWAPONE_SWAPSWAPONEEQSWP";"1044_10101_U1042_SWAPONE_SWAP";"BDSD";"LONDON BRANCH";"TZY1";"2026-03-05";"2026-08-05";"2026-08-05";"36386000";"";"mxContractEventIUNWIND";"Unwind";"dead";"5493006QMFDDMYWIAM13104410101U1042";"";"";"";"EQ SWAP";"25.99000000";"";"Equity:PortfolioSwap:PriceReturnBasicPerformance:SingleName";""
"Termination";"1016_10020_U347_SWAPONE_SWAPSWAPONEEQSWP";"1016_10020_U347_SWAPONE_SWAP";"BDSD";"LONDON BRANCH";"FPFL12";"2025-05-12";"2026-01-20";"2026-01-20";"1242129.0";"";"mxContractEventIUNWIND";"Unwind";"dead";"5493006QMFDDMYWIAM13101610020U347";"";"";"";"EQ SWAP";"6.21064500";"";"Equity:PortfolioSwap:PriceReturnBasicPerformance:SingleName";""
"Termination";"1043_11312_U991_SWAPONE_SWAPSWAPONEEQSWP";"1043_11312_U991_SWAPONE_SWAP";"BDSD";"LONDON BRANCH";"00FLOO";"2026-02-18";"2026-07-13";"2026-07-13";"3613366.9422";"";"mxContractEventIUNWIND";"Unwind";"dead";"5493006QMFDDMYWIAM13104311312U991";"";"";"";"EQ SWAP";"20.83833300";"";"Equity:PortfolioSwap:PriceReturnBasicPerformance:SingleName";""
"Termination";"1051_16503_U1061_SWAPONE_SWAPSWAPONEEQSWP";"1051_16503_U1061_SWAPONE_SWAP";"BDSD";"LONDON BRANCH";"SSAL13";"2026-03-12";"2026-11-03";"2026-11-03";"774000.0";"";"mxContractEventIUNWIND";"Unwind";"dead";"5493006QMFDDMYWIAM13105116503U1061";"";"";"";"EQ SWAP";"25.80000000";"";"Equity:PortfolioSwap:PriceReturnBasicPerformance:SingleName";""
"Termination";"1051_15703_U724_SWAPONE_SWAPSWAPONEEQSWP";"1051_15703_U724_SWAPONE_SWAP";"BDSD";"LONDON BRANCH";"SSAL13";"2025-12-30";"2026-11-03";"2026-11-03";"2518740.0";"";"mxContractEventIUNWIND";"Unwind";"dead";"5493006QMFDDMYWIAM13105115703U724";"";"";"";"EQ SWAP";"19.99000000";"";"Equity:PortfolioSwap:PriceReturnBasicPerformance:SingleName";""
"Termination";"1016_15308_U768_SWAPONE_SWAPSWAPONEEQSWP";"1016_15308_U768_SWAPONE_SWAP";"BDSD";"LONDON BRANCH";"FPFL12";"2025-09-09";"2026-01-20";"2026-01-20";"795000.0";"";"mxContractEventICANCEL";"Cancel";"dead";"5493006QMFDDMYWIAM13101615308U768";"";"";"";"EQ SWAP";"15.90000000";"";"Equity:PortfolioSwap:PriceReturnBasicPerformance:SingleName";""
"Termination";"1016_10007_U660_SWAPONE_SWAPSWAPONEEQSWP";"1016_10007_U660_SWAPONE_SWAP";"BDSD";"LONDON BRANCH";"FPFL12";"2026-01-16";"2026-01-20";"2026-01-20";"3012804.0";"";"mxContractEventIUNWIND";"Unwind";"dead";"5493006QMFDDMYWIAM13101610007U660";"";"5493006QMFDDMYWIAM131016_10007_U850";"";"EQ SWAP";"20.08536000";"";"Equity:PortfolioSwap:PriceReturnBasicPerformance:SingleName";""
"Termination";"1053_10007_U599_SWAPONE_SWAPSWAPONEEQSWP";"1053_10007_U599_SWAPONE_SWAP";"BDSD";"LONDON BRANCH";"FPFL12";"2025-12-02";"2026-07-08";"2026-07-08";"1050160.0";"";"mxContractEventIUNWIND";"Unwind";"dead";"5493006QMFDDMYWIAM13105310007U599";"";"";"";"EQ SWAP";"21.00320000";"";"Equity:PortfolioSwap:PriceReturnBasicPerformance:SingleName";""
"Termination";"1071_10308_U1198_SWAPONE_SWAPSWAPONEEQSWP";"1071_10308_U1198_SWAPONE_SWAP";"BDSD";"LONDON BRANCH";"FFASL1";"2026-04-17";"2027-02-02";"2027-02-02";"14930.0";"";"mxContractEventIUNWIND";"Unwind";"dead";"5493006QMFDDMYWIAM13107110308U1198";"";"";"";"EQ SWAP";"14.93000000";"";"Equity:PortfolioSwap:PriceReturnBasicPerformance:SingleName";""
"Amendment";"1063_14918_U879_SWAPONE_SWAPSWAPONEEQSWP";"1063_14918_U879_SWAPONE_SWAP";"BDSD";"LONDON BRANCH";"00ZICB";"2026-04-09";"2026-11-13";"2026-11-13";"117450368.01925243";"";"mxContractEventIRESTRUCTURE";"Restructure";"live";"5493006QMFDDMYWIAM13106314918U879";"";"5493006QMFDDMYWIAM131063_14918_U1142";"";"EQ SWAP";"83.23260980";"";"Equity:PortfolioSwap:PriceReturnBasicPerformance:SingleName";""
"Termination";"1030_10010_U413_SWAPONE_SWAPSWAPONEEQSWP";"1030_10010_U413_SWAPONE_SWAP";"BDSD";"LONDON BRANCH";"00Y7RD";"2025-06-09";"2026-02-03";"2026-02-03";"493476.0";"";"mxContractEventIUNWIND";"Unwind";"dead";"5493006QMFDDMYWIAM13103010010U413";"";"";"";"EQ SWAP";"40.12000000";"";"Equity:PortfolioSwap:PriceReturnBasicPerformance:SingleName";""
"Termination";"1044_10027_U1127_SWAPONE_SWAPSWAPONEEQSWP";"1044_10027_U1127_SWAPONE_SWAP";"BDSD";"LONDON BRANCH";"TZY1";"2026-04-07";"2026-08-05";"2026-08-05";"68786050";"";"mxContractEventIUNWIND";"Unwind";"dead";"5493006QMFDDMYWIAM13104410027U1127";"";"";"";"EQ SWAP";"53.53000000";"";"Equity:PortfolioSwap:PriceReturnBasicPerformance:SingleName";""
"Termination";"1071_10308_U1186_SWAPONE_SWAPSWAPONEEQSWP";"1071_10308_U1186_SWAPONE_SWAP";"BDSD";"LONDON BRANCH";"FFASL1";"2026-04-15";"2027-02-02";"2027-02-02";"14940.0";"";"mxContractEventIUNWIND";"Unwind";"dead";"5493006QMFDDMYWIAM13107110308U1186";"";"";"";"EQ SWAP";"14.94000000";"";"Equity:PortfolioSwap:PriceReturnBasicPerformance:SingleName";""
"Termination";"1041_10049_U473_SWAPONE_SWAPSWAPONEEQSWP";"1041_10049_U473_SWAPONE_SWAP";"BDSD";"LONDON BRANCH";"00FLOO";"2025-08-29";"2026-01-01";"2026-01-01";"12108451";"";"mxContractEventIUNWIND";"Unwind";"dead";"5493006QMFDDMYWIAM13104110049U473";"";"";"";"EQ SWAP";"24.21690200";"";"Equity:PortfolioSwap:PriceReturnBasicPerformance:SingleName";""
"Insert";"1016_10075_U647_SWAPONE_SWAPSWAPONEEQSWP";"1016_10075_U647_SWAPONE_SWAP";"BDSD";"LONDON BRANCH";"FPFL12";"2026-01-26";"2026-01-20";"2026-01-20";"1618758.0";"";"mxContractEventIUNWIND";"Unwind";"dead";"5493006QMFDDMYWIAM13101610075U647";"";"";"";"EQ SWAP";"64.75032000";"";"Equity:PortfolioSwap:PriceReturnBasicPerformance:SingleName";""
"Termination";"1051_16607_U1103_SWAPONE_SWAPSWAPONEEQSWP";"1051_16607_U1103_SWAPONE_SWAP";"BDSD";"LONDON BRANCH";"SSAL13";"2026-03-31";"2026-11-03";"2026-11-03";"223660000";"";"mxContractEventIUNWIND";"Unwind";"dead";"5493006QMFDDMYWIAM13105116607U1103";"";"";"";"EQ SWAP";"111.83000000";"";"Equity:PortfolioSwap:PriceReturnBasicPerformance:SingleName";""
"Decrease";"1051_13501_U662_SWAPONE_SWAPSWAPONEEQSWP";"1051_13501_U662_SWAPONE_SWAP";"BDSD";"LONDON BRANCH";"00YRB9";"2026-02-03";"2026-11-03";"2026-11-03";"2771529.94";"";"mxContractEventIUNWIND";"Unwind";"dead";"5493006QMFDDMYWIAM13105113501U662";"";"5493006QMFDDMYWIAM131051_13501_U942";"";"EQ SWAP";"13.18000000";"";"Equity:PortfolioSwap:PriceReturnBasicPerformance:SingleName";""
"Decrease";"1016_11312_U972_SWAPONE_SWAPSWAPONEEQSWP";"1016_11312_U972_SWAPONE_SWAP";"BDSD";"LONDON BRANCH";"FPFL12";"2026-02-10";"2027-02-02";"2027-02-02";"427.12";"";"mxContractEventIUNWIND";"Unwind";"dead";"5493006QMFDDMYWIAM13101611312U972";"";"";"";"EQ SWAP";"22.48000000";"";"Equity:PortfolioSwap:PriceReturnBasicPerformance:SingleName";""
"Termination";"1041_10038_U586_SWAPONE_SWAPSWAPONEEQSWP";"1041_10038_U586_SWAPONE_SWAP";"BDSD";"LONDON BRANCH";"00FLOO";"2025-12-09";"2026-01-01";"2026-01-01";"0.0";"";"mxContractEventIUNWIND";"Unwind";"dead";"5493006QMFDDMYWIAM13104110038U586";"";"";"";"EQ SWAP";"0";"";"Equity:PortfolioSwap:PriceReturnBasicPerformance:SingleName";""
"Termination";"1016_11312_U851_SWAPONE_SWAPSWAPONEEQSWP";"1016_11312_U851_SWAPONE_SWAP";"BDSD";"LONDON BRANCH";"FPFL12";"2026-01-16";"2026-05-04";"2026-05-04";"2073211.0";"";"mxContractEventIUNWIND";"Unwind";"dead";"5493006QMFDDMYWIAM13101611312U851";"";"";"";"EQ SWAP";"20.73211000";"";"Equity:PortfolioSwap:PriceReturnBasicPerformance:SingleName";""
"Increase";"1051_10058_U674_SWAPONE_SWAPSWAPONEEQSWP";"1051_10058_U674_SWAPONE_SWAP";"BDSD";"LONDON BRANCH";"0087I1";"2025-12-23";"2026-11-03";"2026-11-03";"1008000.0";"";"mxContractEventIRESTRUCTURE";"Restructure";"live";"5493006QMFDDMYWIAM13105110058U674";"";"5493006QMFDDMYWIAM131051_10058_U681";"";"EQ SWAP";"11.20000000";"";"Equity:PortfolioSwap:PriceReturnBasicPerformance:SingleName";""
"Termination";"1051_11284_U629_SWAPONE_SWAPSWAPONEEQSWP";"1051_11284_U629_SWAPONE_SWAP";"BDSD";"LONDON BRANCH";"0087I1";"2025-12-18";"2026-11-03";"2026-11-03";"0.0";"";"mxContractEventIUNWIND";"Unwind";"dead";"5493006QMFDDMYWIAM13105111284U629";"";"5493006QMFDDMYWIAM131051_11284_U656";"";"EQ SWAP";"0";"";"Equity:PortfolioSwap:PriceReturnBasicPerformance:SingleName";""
"Termination";"1051_10042_U789_SWAPONE_SWAPSWAPONEEQSWP";"1051_10042_U789_SWAPONE_SWAP";"BDSD";"LONDON BRANCH";"00YRB9";"2026-01-26";"2026-11-03";"2026-11-03";"2763059.00000072";"";"mxContractEventIUNWIND";"Unwind";"dead";"5493006QMFDDMYWIAM13105110042U789";"";"";"";"EQ SWAP";"52.73013359";"";"Equity:PortfolioSwap:PriceReturnBasicPerformance:SingleName";""
"Decrease";"1051_10011_U1063_SWAPONE_SWAPSWAPONEEQSWP";"1051_10011_U1063_SWAPONE_SWAP";"BDSD";"LONDON BRANCH";"SSAL13";"2026-03-12";"2026-11-03";"2026-11-03";"2995977.0";"";"mxContractEventIUNWIND";"Unwind";"dead";"5493006QMFDDMYWIAM13105110011U1063";"";"";"";"EQ SWAP";"59.91954000";"";"Equity:PortfolioSwap:PriceReturnBasicPerformance:SingleName";""
"Termination";"1071_11488_U978_SWAPONE_SWAPSWAPONEEQSWP";"1071_11488_U978_SWAPONE_SWAP";"BDSD";"LONDON BRANCH";"FFASL1";"2026-02-11";"2027-02-02";"2027-02-02";"232596.0";"";"mxContractEventIUNWIND";"Unwind";"dead";"5493006QMFDDMYWIAM13107111488U978";"";"";"";"EQ SWAP";"29.82000000";"";"Equity:PortfolioSwap:PriceReturnBasicPerformance:SingleName";""
"Increase";"1074_15221_U1026_SWAPONE_SWAPSWAPONEEQSWP";"1074_15221_U1026_SWAPONE_SWAP";"BDSD";"LONDON BRANCH";"00YRB9";"2026-04-23";"2027-02-26";"2027-02-26";"6395069.05";"";"mxContractEventIRESTRUCTURE";"Restructure";"live";"5493006QMFDDMYWIAM13107415221U1026";"";"5493006QMFDDMYWIAM131074_15221_U1220";"";"EQ SWAP";"255.80276200";"";"Equity:PortfolioSwap:PriceReturnBasicPerformance:SingleName";""
"Termination";"1051_10011_U873_SWAPONE_SWAPSWAPONEEQSWP";"1051_10011_U873_SWAPONE_SWAP";"BDSD";"LONDON BRANCH";"SSAL13";"2026-01-22";"2026-11-03";"2026-11-03";"4679177.008";"";"mxContractEventIUNWIND";"Unwind";"dead";"5493006QMFDDMYWIAM13105110011U873";"";"";"";"EQ SWAP";"46.79177008";"";"Equity:PortfolioSwap:PriceReturnBasicPerformance:SingleName";""
"Termination";"1016_10011_U546_SWAPONE_SWAPSWAPONEEQSWP";"1016_10011_U546_SWAPONE_SWAP";"BDSD";"LONDON BRANCH";"FPFL12";"2026-01-16";"2026-01-20";"2026-01-20";"1764656.00000256";"";"mxContractEventIUNWIND";"Unwind";"dead";"5493006QMFDDMYWIAM13101610011U546";"";"5493006QMFDDMYWIAM131016_10011_U852";"";"EQ SWAP";"39.38964286";"";"Equity:PortfolioSwap:PriceReturnBasicPerformance:SingleName";""
"Termination";"1044_10075_U1084_SWAPONE_SWAPSWAPONEEQSWP";"1044_10075_U1084_SWAPONE_SWAP";"BDSD";"LONDON BRANCH";"TZY1";"2026-03-18";"2026-08-05";"2026-08-05";"5756000.0";"";"mxContractEventIUNWIND";"Unwind";"dead";"5493006QMFDDMYWIAM13104410075U1084";"";"";"";"EQ SWAP";"57.56000000";"";"Equity:PortfolioSwap:PriceReturnBasicPerformance:SingleName";""
"Termination";"1016_10059_U388_SWAPONE_SWAPSWAPONEEQSWP";"1016_10059_U388_SWAPONE_SWAP";"BDSD";"LONDON BRANCH";"FPFL12";"2025-06-02";"2026-01-20";"2026-01-20";"438000.0";"";"mxContractEventIUNWIND";"Unwind";"dead";"5493006QMFDDMYWIAM13101610059U388";"";"";"";"EQ SWAP";"29.20000000";"";"Equity:PortfolioSwap:PriceReturnBasicPerformance:SingleName";""
"Termination";"1016_10303_U387_SWAPONE_SWAPSWAPONEEQSWP";"1016_10303_U387_SWAPONE_SWAP";"BDSD";"LONDON BRANCH";"FPFL12";"2025-06-02";"2026-01-20";"2026-01-20";"0.0";"";"mxContractEventIUNWIND";"Unwind";"dead";"5493006QMFDDMYWIAM13101610303U387";"";"";"";"EQ SWAP";"0";"";"Equity:PortfolioSwap:PriceReturnBasicPerformance:SingleName";""
"Termination";"1051_16607_U863_SWAPONE_SWAPSWAPONEEQSWP";"1051_16607_U863_SWAPONE_SWAP";"BDSD";"LONDON BRANCH";"SSAL13";"2026-01-21";"2026-11-03";"2026-11-03";"108990000";"";"mxContractEventIUNWIND";"Unwind";"dead";"5493006QMFDDMYWIAM13105116607U863";"";"";"";"EQ SWAP";"108.99000000";"";"Equity:PortfolioSwap:PriceReturnBasicPerformance:SingleName";""
"Termination";"1016_11535_U554_SWAPONE_SWAPSWAPONEEQSWP";"1016_11535_U554_SWAPONE_SWAP";"BDSD";"LONDON BRANCH";"FPFL12";"2025-11-14";"2026-01-20";"2026-01-20";"267092.016";"";"mxContractEventIUNWIND";"Unwind";"dead";"5493006QMFDDMYWIAM13101611535U554";"";"";"";"EQ SWAP";"7.97289600";"";"Equity:PortfolioSwap:PriceReturnBasicPerformance:SingleName";""
"Termination";"1059_10027_U508_SWAPONE_SWAPSWAPONEEQSWP";"1059_10027_U508_SWAPONE_SWAP";"BDSD";"LONDON BRANCH";"00A20D";"2025-11-14";"2026-09-28";"2026-09-28";"15755.0";"";"mxContractEventIUNWIND";"Unwind";"dead";"5493006QMFDDMYWIAM13105910027U508";"";"";"";"EQ SWAP";"31.51000000";"";"Equity:PortfolioSwap:PriceReturnBasicPerformance:SingleName";""
"Termination";"1016_10056_U824_SWAPONE_SWAPSWAPONEEQSWP";"1016_10056_U824_SWAPONE_SWAP";"BDSD";"LONDON BRANCH";"FPFL12";"2026-01-29";"2026-05-04";"2026-05-04";"1230168.86399255";"";"mxContractEventIUNWIND";"Unwind";"dead";"5493006QMFDDMYWIAM13101610056U824";"";"";"";"EQ SWAP";"7.37953728";"";"Equity:PortfolioSwap:PriceReturnBasicPerformance:SingleName";""
"Termination";"1016_13409_U341_SWAPONE_SWAPSWAPONEEQSWP";"1016_13409_U341_SWAPONE_SWAP";"BDSD";"LONDON BRANCH";"FPFL12";"2025-05-05";"2026-01-20";"2026-01-20";"102654.006";"";"mxContractEventIUNWIND";"Unwind";"dead";"5493006QMFDDMYWIAM13101613409U341";"";"";"";"EQ SWAP";"7.89646200";"";"Equity:PortfolioSwap:PriceReturnBasicPerformance:SingleName";""
"Termination";"1065_15238_U616_SWAPONE_SWAPSWAPONEEQSWP";"1065_15238_U616_SWAPONE_SWAP";"BDSD";"LONDON BRANCH";"SSAL13";"2025-12-08";"2026-12-10";"2026-12-10";"449270.0";"";"mxContractEventIUNWIND";"Unwind";"dead";"5493006QMFDDMYWIAM13106515238U616";"";"";"";"EQ SWAP";"8.98540000";"";"Equity:PortfolioSwap:PriceReturnBasicPerformance:SingleName";""
"Amendment";"1070_10066_U1002_SWAPONE_SWAPSWAPONEEQSWP";"1070_10066_U1002_SWAPONE_SWAP";"BDSD";"LONDON BRANCH";"FPFL12";"2026-04-08";"2027-02-02";"2027-02-02";"381250.0";"";"mxContractEventIRESTRUCTURE";"Restructure";"live";"5493006QMFDDMYWIAM13107010066U1002";"";"";"";"EQ SWAP";"15.25000000";"";"Equity:PortfolioSwap:PriceReturnBasicPerformance:SingleName";""
"Termination";"1016_11552_U423_SWAPONE_SWAPSWAPONEEQSWP";"1016_11552_U423_SWAPONE_SWAP";"BDSD";"LONDON BRANCH";"FPFL12";"2025-07-01";"2026-01-20";"2026-01-20";"0.0";"";"Insert";"Cancel";"dead";"5493006QMFDDMYWIAM13101611552U423";"";"";"";"EQ SWAP";"0";"";"Equity:PortfolioSwap:PriceReturnBasicPerformance:SingleName";""
"Termination";"1030_15603_U404_SWAPONE_SWAPSWAPONEEQSWP";"1030_15603_U404_SWAPONE_SWAP";"BDSD";"LONDON BRANCH";"00Y7RD";"2025-06-13";"2026-02-03";"2026-02-03";"493476.0";"";"mxContractEventIUNWIND";"Unwind";"dead";"5493006QMFDDMYWIAM13103015603U404";"";"5493006QMFDDMYWIAM131030_15603_U415";"";"EQ SWAP";"80.24000000";"";"Equity:PortfolioSwap:PriceReturnBasicPerformance:SingleName";""
"Termination";"1051_10865_U825_SWAPONE_SWAPSWAPONEEQSWP";"1051_10865_U825_SWAPONE_SWAP";"BDSD";"LONDON BRANCH";"SSAL13";"2026-01-09";"2026-11-03";"2026-11-03";"137460.0";"";"mxContractEventIUNWIND";"Unwind";"dead";"5493006QMFDDMYWIAM13105110865U825";"";"";"";"EQ SWAP";"11.85000000";"";"Equity:PortfolioSwap:PriceReturnBasicPerformance:SingleName";""
"Termination";"1071_10042_U961_SWAPONE_SWAPSWAPONEEQSWP";"1071_10042_U961_SWAPONE_SWAP";"BDSD";"LONDON BRANCH";"FFASL1";"2026-02-09";"2027-02-02";"2027-02-02";"65534.0004";"";"mxContractEventIUNWIND";"Unwind";"dead";"5493006QMFDDMYWIAM13107110042U961";"";"";"";"EQ SWAP";"59.57636400";"";"Equity:PortfolioSwap:PriceReturnBasicPerformance:SingleName";""
"Termination";"1051_10865_U606_SWAPONE_SWAPSWAPONEEQSWP";"1051_10865_U606_SWAPONE_SWAP";"BDSD";"LONDON BRANCH";"00YRB9";"2025-12-05";"2026-11-03";"2026-11-03";"3211780.0";"";"mxContractEventIUNWIND";"Unwind";"dead";"5493006QMFDDMYWIAM13105110865U606";"";"5493006QMFDDMYWIAM131051_10865_U603";"";"EQ SWAP";"11.23000000";"";"Equity:PortfolioSwap:PriceReturnBasicPerformance:SingleName";""
"Termination";"1016_10303_U308_SWAPONE_SWAPSWAPONEEQSWP";"1016_10303_U308_SWAPONE_SWAP";"BDSD";"LONDON BRANCH";"FPFL12";"2025-03-31";"2026-01-20";"2026-01-20";"2377548.000002";"";"mxContractEventIUNWIND";"Unwind";"dead";"5493006QMFDDMYWIAM13101610303U308";"";"";"";"EQ SWAP";"27.97115294";"";"Equity:PortfolioSwap:PriceReturnBasicPerformance:SingleName";""
"Termination";"1051_10042_U865_SWAPONE_SWAPSWAPONEEQSWP";"1051_10042_U865_SWAPONE_SWAP";"BDSD";"LONDON BRANCH";"SSAL13";"2026-01-21";"2026-11-03";"2026-11-03";"219055.9995";"";"mxContractEventIUNWIND";"Unwind";"dead";"5493006QMFDDMYWIAM13105110042U865";"";"";"";"EQ SWAP";"56.16820500";"";"Equity:PortfolioSwap:PriceReturnBasicPerformance:SingleName";""
"Termination";"1059_11415_U822_SWAPONE_SWAPSWAPONEEQSWP";"1059_11415_U822_SWAPONE_SWAP";"BDSD";"LONDON BRANCH";"00A20D";"2026-01-21";"2026-09-28";"2026-09-28";"16091.0";"";"mxContractEventIUNWIND";"Unwind";"dead";"5493006QMFDDMYWIAM13105911415U822";"";"";"";"EQ SWAP";"160.91000000";"";"Equity:PortfolioSwap:PriceReturnBasicPerformance:SingleName";""
"Decrease";"1044_11530_U642_SWAPONE_SWAPSWAPONEEQSWP";"1044_11530_U642_SWAPONE_SWAP";"BDSD";"LONDON BRANCH";"00ZICD";"2026-04-07";"2026-08-05";"2026-08-05";"13966000.000043";"";"mxContractEventIUNWIND";"Unwind";"dead";"5493006QMFDDMYWIAM13104411530U642";"";"5493006QMFDDMYWIAM131044_11530_U1126";"";"EQ SWAP";"15.34725275";"";"Equity:PortfolioSwap:PriceReturnBasicPerformance:SingleName";""
"Termination";"1030_11488_U855_SWAPONE_SWAPSWAPONEEQSWP";"1030_11488_U855_SWAPONE_SWAP";"BDSD";"LONDON BRANCH";"FFASL1";"2026-01-19";"2026-02-03";"2026-02-03";"161040.0";"";"mxContractEventIUNWIND";"Unwind";"dead";"5493006QMFDDMYWIAM13103011488U855";"";"";"";"EQ SWAP";"26.84000000";"";"Equity:PortfolioSwap:PriceReturnBasicPerformance:SingleName";""
"Termination";"1071_10044_U1187_SWAPONE_SWAPSWAPONEEQSWP";"1071_10044_U1187_SWAPONE_SWAP";"BDSD";"LONDON BRANCH";"FFASL1";"2026-04-15";"2027-02-02";"2027-02-02";"36093.0";"";"mxContractEventIUNWIND";"Unwind";"dead";"5493006QMFDDMYWIAM13107110044U1187";"";"";"";"EQ SWAP";"24.06200000";"";"Equity:PortfolioSwap:PriceReturnBasicPerformance:SingleName";""
"Termination";"1051_10927_U706_SWAPONE_SWAPSWAPONEEQSWP";"1051_10927_U706_SWAPONE_SWAP";"BDSD";"LONDON BRANCH";"SSAL13";"2025-12-29";"2026-11-03";"2026-11-03";"922740.0";"";"mxContractEventIUNWIND";"Unwind";"dead";"5493006QMFDDMYWIAM13105110927U706";"";"";"";"EQ SWAP";"11.83000000";"";"Equity:PortfolioSwap:PriceReturnBasicPerformance:SingleName";""
"Cancel";"1016_15308_U741_SWAPONE_SWAPSWAPONEEQSWP";"1016_15308_U741_SWAPONE_SWAP";"BDSD";"LONDON BRANCH";"FPFL12";"2025-09-09";"2026-01-20";"2026-01-20";"795000.0";"";"mxContractEventIRESTRUCTURE";"Cancel";"dead";"5493006QMFDDMYWIAM13101615308U741";"";"";"";"EQ SWAP";"15.90000000";"";"Equity:PortfolioSwap:PriceReturnBasicPerformance:SingleName";""
"Termination";"1016_11530_U908_SWAPONE_SWAPSWAPONEEQSWP";"1016_11530_U908_SWAPONE_SWAP";"BDSD";"LONDON BRANCH";"FPFL12";"2026-01-30";"2026-05-04";"2026-05-04";"1390021.0";"";"mxContractEventIUNWIND";"Unwind";"dead";"5493006QMFDDMYWIAM13101611530U908";"";"";"";"EQ SWAP";"13.90021000";"";"Equity:PortfolioSwap:PriceReturnBasicPerformance:SingleName";""
"Decrease";"1041_10044_U314_SWAPONE_SWAPSWAPONEEQSWP";"1041_10044_U314_SWAPONE_SWAP";"BDSD";"LONDON BRANCH";"00FLOO";"2025-04-10";"2026-01-01";"2026-01-01";"10096500";"";"mxContractEventIUNWIND";"Unwind";"dead";"5493006QMFDDMYWIAM13104110044U314";"";"";"";"EQ SWAP";"19.05000000";"";"Equity:PortfolioSwap:PriceReturnBasicPerformance:SingleName";""
"Termination";"1063_14901_U858_SWAPONE_SWAPSWAPONEEQSWP";"1063_14901_U858_SWAPONE_SWAP";"BDSD";"LONDON BRANCH";"00ZICB";"2026-01-20";"2026-11-13";"2026-11-13";"188588552.69996417";"";"mxContractEventIUNWIND";"Unwind";"dead";"5493006QMFDDMYWIAM13106314901U858";"";"5493006QMFDDMYWIAM131063_14901_U856";"";"EQ SWAP";"175.43333333";"";"Equity:PortfolioSwap:PriceReturnBasicPerformance:SingleName";""
"Termination";"1044_10024_U735_SWAPONE_SWAPSWAPONEEQSWP";"1044_10024_U735_SWAPONE_SWAP";"BDSD";"LONDON BRANCH";"00ZICE";"2026-04-13";"2026-08-05";"2026-08-05";"7162500.0";"";"mxContractEventIUNWIND";"Unwind";"dead";"5493006QMFDDMYWIAM13104410024U735";"";"5493006QMFDDMYWIAM131044_10024_U1173";"";"EQ SWAP";"47.75000000";"";"Equity:PortfolioSwap:PriceReturnBasicPerformance:SingleName";""
"Increase";"1051_10021_U1144_SWAPONE_SWAPSWAPONEEQSWP";"1051_10021_U1144_SWAPONE_SWAP";"BDSD";"LONDON BRANCH";"0087I1";"2026-04-10";"2026-11-03";"2026-11-03";"3501393.059988";"";"mxContractEventIRESTRUCTURE";"Restructure";"live";"5493006QMFDDMYWIAM13105110021U1144";"";"5493006QMFDDMYWIAM131051_10021_U1149";"";"EQ SWAP";"19.45218367";"";"Equity:PortfolioSwap:PriceReturnBasicPerformance:SingleName";""
"Termination";"1051_10075_U1139_SWAPONE_SWAPSWAPONEEQSWP";"1051_10075_U1139_SWAPONE_SWAP";"BDSD";"LONDON BRANCH";"SSAL13";"2026-04-09";"2026-11-03";"2026-11-03";"32041361";"";"mxContractEventIUNWIND";"Unwind";"dead";"5493006QMFDDMYWIAM13105110075U1139";"";"";"";"EQ SWAP";"64.08272200";"";"Equity:PortfolioSwap:PriceReturnBasicPerformance:SingleName";""
"Termination";"1041_10773_U517_SWAPONE_SWAPSWAPONEEQSWP";"1041_10773_U517_SWAPONE_SWAP";"BDSD";"LONDON BRANCH";"00FLOO";"2025-11-17";"2026-01-01";"2026-01-01";"20102460";"";"mxContractEventIUNWIND";"Unwind";"dead";"5493006QMFDDMYWIAM13104110773U517";"";"";"";"EQ SWAP";"6.44000000";"";"Equity:PortfolioSwap:PriceReturnBasicPerformance:SingleName";""
"Termination";"1065_15221_U1013_SWAPONE_SWAPSWAPONEEQSWP";"1065_15221_U1013_SWAPONE_SWAP";"BDSD";"LONDON BRANCH";"00YRB9";"2026-02-23";"2026-12-10";"2026-12-10";"4249814.355";"";"mxContractEventIUNWIND";"Unwind";"dead";"5493006QMFDDMYWIAM13106515221U1013";"";"5493006QMFDDMYWIAM131065_15221_U1012";"";"EQ SWAP";"283.32095700";"";"Equity:PortfolioSwap:PriceReturnBasicPerformance:SingleName";""
"Termination";"1016_11663_U348_SWAPONE_SWAPSWAPONEEQSWP";"1016_11663_U348_SWAPONE_SWAP";"BDSD";"LONDON BRANCH";"FPFL12";"2025-11-11";"2026-01-20";"2026-01-20";"711912.0";"";"mxContractEventIUNWIND";"Unwind";"dead";"5493006QMFDDMYWIAM13101611663U348";"";"";"";"EQ SWAP";"14.23824000";"";"Equity:PortfolioSwap:PriceReturnBasicPerformance:SingleName";""
"Termination";"1016_15308_U405_SWAPONE_SWAPSWAPONEEQSWP";"1016_15308_U405_SWAPONE_SWAP";"BDSD";"LONDON BRANCH";"FPFL12";"2025-09-09";"2026-01-20";"2026-01-20";"1997128.000005";"";"mxContractEventIUNWIND";"Cancel";"dead";"5493006QMFDDMYWIAM13101615308U405";"";"";"";"EQ SWAP";"13.31418667";"";"Equity:PortfolioSwap:PriceReturnBasicPerformance:SingleName";""
"Termination";"1016_11312_U321_SWAPONE_SWAPSWAPONEEQSWP";"1016_11312_U321_SWAPONE_SWAP";"BDSD";"LONDON BRANCH";"FPFL12";"2025-03-31";"2026-01-20";"2026-01-20";"1055167.0";"";"mxContractEventIUNWIND";"Unwind";"dead";"5493006QMFDDMYWIAM13101611312U321";"";"";"";"EQ SWAP";"21.10334000";"";"Equity:PortfolioSwap:PriceReturnBasicPerformance:SingleName";""
"Termination";"1044_10075_U1130_SWAPONE_SWAPSWAPONEEQSWP";"1044_10075_U1130_SWAPONE_SWAP";"BDSD";"LONDON BRANCH";"TZY1";"2026-04-08";"2026-08-05";"2026-08-05";"10576350";"";"mxContractEventIUNWIND";"Unwind";"dead";"5493006QMFDDMYWIAM13104410075U1130";"";"";"";"EQ SWAP";"61.85000000";"";"Equity:PortfolioSwap:PriceReturnBasicPerformance:SingleName";""
"Termination";"1043_10036_U496_SWAPONE_SWAPSWAPONEEQSWP";"1043_10036_U496_SWAPONE_SWAP";"BDSD";"LONDON BRANCH";"00FLOO";"2025-09-22";"2026-07-13";"2026-07-13";"2210979.0";"";"mxContractEventIUNWIND";"Unwind";"dead";"5493006QMFDDMYWIAM13104310036U496";"";"";"";"EQ SWAP";"7.36993000";"";"Equity:PortfolioSwap:PriceReturnBasicPerformance:SingleName";""
"Termination";"1016_11604_U389_SWAPONE_SWAPSWAPONEEQSWP";"1016_11604_U389_SWAPONE_SWAP";"BDSD";"LONDON BRANCH";"FPFL12";"2025-06-02";"2026-01-20";"2026-01-20";"260250.0";"";"mxContractEventIUNWIND";"Cancel";"dead";"5493006QMFDDMYWIAM13101611604U389";"";"";"";"EQ SWAP";"17.35000000";"";"Equity:PortfolioSwap:PriceReturnBasicPerformance:SingleName";""
"Termination";"1030_10010_U284_SWAPONE_SWAPSWAPONEEQSWP";"1030_10010_U284_SWAPONE_SWAP";"BDSD";"LONDON BRANCH";"00Y7RD";"2025-06-09";"2025-09-12";"2025-09-12";"435912.0";"";"mxContractEventIUNWIND";"Unwind";"dead";"5493006QMFDDMYWIAM13103010010U284";"";"";"";"EQ SWAP";"35.44000000";"";"Equity:PortfolioSwap:PriceReturnBasicPerformance:SingleName";""
"Termination";"1044_11530_U782_SWAPONE_SWAPSWAPONEEQSWP";"1044_11530_U782_SWAPONE_SWAP";"BDSD";"LONDON BRANCH";"00ZICB";"2026-04-07";"2026-08-05";"2026-08-05";"847200.0";"";"mxContractEventIUNWIND";"Unwind";"dead";"5493006QMFDDMYWIAM13104411530U782";"";"5493006QMFDDMYWIAM131044_11530_U1126";"";"EQ SWAP";"14.12000000";"";"Equity:PortfolioSwap:PriceReturnBasicPerformance:SingleName";""
"Termination";"1051_10011_U893_SWAPONE_SWAPSWAPONEEQSWP";"1051_10011_U893_SWAPONE_SWAP";"BDSD";"LONDON BRANCH";"SSAL13";"2026-01-26";"2026-11-03";"2026-11-03";"2616595.025";"";"mxContractEventIUNWIND";"Unwind";"dead";"5493006QMFDDMYWIAM13105110011U893";"";"";"";"EQ SWAP";"47.57445500";"";"Equity:PortfolioSwap:PriceReturnBasicPerformance:SingleName";""
"Termination";"1051_10015_U577_SWAPONE_SWAPSWAPONEEQSWP";"1051_10015_U577_SWAPONE_SWAP";"BDSD";"LONDON BRANCH";"00YRB9";"2025-11-11";"2026-11-03";"2026-11-03";"40.97";"";"mxContractEventIUNWIND";"Unwind";"dead";"5493006QMFDDMYWIAM13105110015U577";"";"5493006QMFDDMYWIAM131051_10015_U574";"";"EQ SWAP";"40.97000000";"";"Equity:PortfolioSwap:PriceReturnBasicPerformance:SingleName";""
"Termination";"1016_10501_U547_SWAPONE_SWAPSWAPONEEQSWP";"1016_10501_U547_SWAPONE_SWAP";"BDSD";"LONDON BRANCH";"FPFL12";"2025-11-14";"2026-01-20";"2026-01-20";"645368.0";"";"mxContractEventIUNWIND";"Unwind";"dead";"5493006QMFDDMYWIAM13101610501U547";"";"";"";"EQ SWAP";"12.90736000";"";"Equity:PortfolioSwap:PriceReturnBasicPerformance:SingleName";""
"Termination";"1044_11530_U722_SWAPONE_SWAPSWAPONEEQSWP";"1044_11530_U722_SWAPONE_SWAP";"BDSD";"LONDON BRANCH";"TZY1";"2025-12-30";"2026-08-05";"2026-08-05";"494200.0";"";"mxContractEventIUNWIND";"Unwind";"dead";"5493006QMFDDMYWIAM13104411530U722";"";"";"";"EQ SWAP";"14.12000000";"";"Equity:PortfolioSwap:PriceReturnBasicPerformance:SingleName";""
"Termination";"1044_13301_U1113_SWAPONE_SWAPSWAPONEEQSWP";"1044_13301_U1113_SWAPONE_SWAP";"BDSD";"LONDON BRANCH";"TZY1";"2026-04-01";"2026-08-05";"2026-08-05";"22600800";"";"mxContractEventIUNWIND";"Unwind";"dead";"5493006QMFDDMYWIAM13104413301U1113";"";"";"";"EQ SWAP";"30.96000000";"";"Equity:PortfolioSwap:PriceReturnBasicPerformance:SingleName";""
"Termination";"1043_10773_U480_SWAPONE_SWAPSWAPONEEQSWP";"1043_10773_U480_SWAPONE_SWAP";"BDSD";"LONDON BRANCH";"00FLOO";"2025-09-30";"2026-07-13";"2026-07-13";"41864400";"";"mxContractEventIUNWIND";"Unwind";"dead";"5493006QMFDDMYWIAM13104310773U480";"";"";"";"EQ SWAP";"7.25000000";"";"Equity:PortfolioSwap:PriceReturnBasicPerformance:SingleName";""
"Termination";"1059_11415_U591_SWAPONE_SWAPSWAPONEEQSWP";"1059_11415_U591_SWAPONE_SWAP";"BDSD";"LONDON BRANCH";"00A20D";"2026-01-09";"2026-09-28";"2026-09-28";"1564200.0";"";"mxContractEventIUNWIND";"Unwind";"dead";"5493006QMFDDMYWIAM13105911415U591";"";"";"";"EQ SWAP";"158.00000000";"";"Equity:PortfolioSwap:PriceReturnBasicPerformance:SingleName";""
"Termination";"1016_10021_U313_SWAPONE_SWAPSWAPONEEQSWP";"1016_10021_U313_SWAPONE_SWAP";"BDSD";"LONDON BRANCH";"FPFL12";"2025-03-20";"2026-01-20";"2026-01-20";"123872.9968";"";"mxContractEventIUNWIND";"Unwind";"dead";"5493006QMFDDMYWIAM13101610021U313";"";"";"";"EQ SWAP";"11.06008900";"";"Equity:PortfolioSwap:PriceReturnBasicPerformance:SingleName";""
"Termination";"1051_11415_U711_SWAPONE_SWAPSWAPONEEQSWP";"1051_11415_U711_SWAPONE_SWAP";"BDSD";"LONDON BRANCH";"0087I1";"2026-01-02";"2026-11-03";"2026-11-03";"7572879.792";"";"mxContractEventIUNWIND";"Unwind";"dead";"5493006QMFDDMYWIAM13105111415U711";"";"5493006QMFDDMYWIAM131051_11415_U792";"";"EQ SWAP";"157.76832900";"";"Equity:PortfolioSwap:PriceReturnBasicPerformance:SingleName";""
"Termination";"1071_10044_U1072_SWAPONE_SWAPSWAPONEEQSWP";"1071_10044_U1072_SWAPONE_SWAP";"BDSD";"LONDON BRANCH";"FFASL1";"2026-03-16";"2027-02-02";"2027-02-02";"77386.9998";"";"mxContractEventIUNWIND";"Unwind";"dead";"5493006QMFDDMYWIAM13107110044U1072";"";"";"";"EQ SWAP";"23.45060600";"";"Equity:PortfolioSwap:PriceReturnBasicPerformance:SingleName";""
"Termination";"1044_10001_U1192_SWAPONE_SWAPSWAPONEEQSWP";"1044_10001_U1192_SWAPONE_SWAP";"BDSD";"LONDON BRANCH";"TZY1";"2026-04-16";"2026-08-05";"2026-08-05";"43116000";"";"mxContractEventIUNWIND";"Unwind";"dead";"5493006QMFDDMYWIAM13104410001U1192";"";"";"";"EQ SWAP";"71.86000000";"";"Equity:PortfolioSwap:PriceReturnBasicPerformance:SingleName";""
"Cancel";"1016_11530_U375_SWAPONE_SWAPSWAPONEEQSWP";"1016_11530_U375_SWAPONE_SWAP";"BDSD";"LONDON BRANCH";"FPFL12";"2025-06-02";"2026-01-20";"2026-01-20";"0.0";"";"Cancel";"Cancel";"dead";"5493006QMFDDMYWIAM13101611530U375";"";"";"";"EQ SWAP";"0";"";"Equity:PortfolioSwap:PriceReturnBasicPerformance:SingleName";""
"Termination";"1016_10072_U424_SWAPONE_SWAPSWAPONEEQSWP";"1016_10072_U424_SWAPONE_SWAP";"BDSD";"LONDON BRANCH";"FPFL12";"2025-07-01";"2026-01-20";"2026-01-20";"901500.0";"";"mxContractEventIUNWIND";"Unwind";"dead";"5493006QMFDDMYWIAM13101610072U424";"";"";"";"EQ SWAP";"30.05000000";"";"Equity:PortfolioSwap:PriceReturnBasicPerformance:SingleName";""
"Termination";"1044_10024_U1123_SWAPONE_SWAPSWAPONEEQSWP";"1044_10024_U1123_SWAPONE_SWAP";"BDSD";"LONDON BRANCH";"TZY1";"2026-04-06";"2026-08-05";"2026-08-05";"19056000";"";"mxContractEventIUNWIND";"Unwind";"dead";"5493006QMFDDMYWIAM13104410024U1123";"";"";"";"EQ SWAP";"47.64000000";"";"Equity:PortfolioSwap:PriceReturnBasicPerformance:SingleName";""
"Termination";"1030_16101_U584_SWAPONE_SWAPSWAPONEEQSWP";"1030_16101_U584_SWAPONE_SWAP";"BDSD";"LONDON BRANCH";"00Y7RA";"2025-12-03";"2026-02-03";"2026-02-03";"265617.996";"";"mxContractEventIUNWIND";"Unwind";"dead";"5493006QMFDDMYWIAM13103016101U584";"";"";"";"EQ SWAP";"22.13483300";"";"Equity:PortfolioSwap:PriceReturnBasicPerformance:SingleName";""
"Termination";"1071_10044_U1039_SWAPONE_SWAPSWAPONEEQSWP";"1071_10044_U1039_SWAPONE_SWAP";"BDSD";"LONDON BRANCH";"FFASL1";"2026-03-05";"2027-02-02";"2027-02-02";"157080.0";"";"mxContractEventIUNWIND";"Unwind";"dead";"5493006QMFDDMYWIAM13107110044U1039";"";"";"";"EQ SWAP";"23.80000000";"";"Equity:PortfolioSwap:PriceReturnBasicPerformance:SingleName";""
"Termination";"1044_16207_U679_SWAPONE_SWAPSWAPONEEQSWP";"1044_16207_U679_SWAPONE_SWAP";"BDSD";"LONDON BRANCH";"007Y6R";"2025-12-26";"2026-08-05";"2026-08-05";"0.0";"";"mxContractEventIUNWIND";"Unwind";"dead";"5493006QMFDDMYWIAM13104416207U679";"";"5493006QMFDDMYWIAM131044_16207_U684";"";"EQ SWAP";"0";"";"Equity:PortfolioSwap:PriceReturnBasicPerformance:SingleName";""
"Termination";"1051_11284_U656_SWAPONE_SWAPSWAPONEEQSWP";"1051_11284_U656_SWAPONE_SWAP";"BDSD";"LONDON BRANCH";"SSAL13";"2025-12-18";"2026-11-03";"2026-11-03";"2714000.0";"";"mxContractEventIUNWIND";"Unwind";"dead";"5493006QMFDDMYWIAM13105111284U656";"";"";"";"EQ SWAP";"13.57000000";"";"Equity:PortfolioSwap:PriceReturnBasicPerformance:SingleName";""
"Termination";"1051_10027_U1099_SWAPONE_SWAPSWAPONEEQSWP";"1051_10027_U1099_SWAPONE_SWAP";"BDSD";"LONDON BRANCH";"SSAL13";"2026-03-24";"2026-11-03";"2026-11-03";"18982633.0428";"";"mxContractEventIUNWIND";"Unwind";"dead";"5493006QMFDDMYWIAM13105110027U1099";"";"";"";"EQ SWAP";"51.95028200";"";"Equity:PortfolioSwap:PriceReturnBasicPerformance:SingleName";""
"Termination";"1051_16607_U841_SWAPONE_SWAPSWAPONEEQSWP";"1051_16607_U841_SWAPONE_SWAP";"BDSD";"LONDON BRANCH";"SSAL13";"2026-01-15";"2026-11-03";"2026-11-03";"108740000";"";"mxContractEventIUNWIND";"Unwind";"dead";"5493006QMFDDMYWIAM13105116607U841";"";"";"";"EQ SWAP";"108.74000000";"";"Equity:PortfolioSwap:PriceReturnBasicPerformance:SingleName";""
"Termination";"1030_10308_U528_SWAPONE_SWAPSWAPONEEQSWP";"1030_10308_U528_SWAPONE_SWAP";"BDSD";"LONDON BRANCH";"FFASL1";"2025-10-07";"2026-02-03";"2026-02-03";"211020.282837";"";"mxContractEventIUNWIND";"Unwind";"dead";"5493006QMFDDMYWIAM13103010308U528";"";"";"";"EQ SWAP";"10.95014700";"";"Equity:PortfolioSwap:PriceReturnBasicPerformance:SingleName";""
"Termination";"1051_11183_U1120_SWAPONE_SWAPSWAPONEEQSWP";"1051_11183_U1120_SWAPONE_SWAP";"BDSD";"LONDON BRANCH";"SSAL13";"2026-04-02";"2026-11-03";"2026-11-03";"737521.0011";"";"mxContractEventIUNWIND";"Unwind";"dead";"5493006QMFDDMYWIAM13105111183U1120";"";"";"";"EQ SWAP";"13.83716700";"";"Equity:PortfolioSwap:PriceReturnBasicPerformance:SingleName";""
"Increase";"1063_14925_U579_SWAPONE_SWAPSWAPONEEQSWP";"1063_14925_U579_SWAPONE_SWAP";"BDSD";"LONDON BRANCH";"00ZICB";"2026-04-09";"2026-11-13";"2026-11-13";"1330941615.1600957";"";"mxContractEventIRESTRUCTURE";"Restructure";"live";"5493006QMFDDMYWIAM13106314925U579";"";"5493006QMFDDMYWIAM131063_14925_U1143";"";"EQ SWAP";"135.06718240";"";"Equity:PortfolioSwap:PriceReturnBasicPerformance:SingleName";""
"Termination";"1030_10303_U282_SWAPONE_SWAPSWAPONEEQSWP";"1030_10303_U282_SWAPONE_SWAP";"BDSD";"LONDON BRANCH";"00Y7RD";"2026-01-30";"2026-02-03";"2026-02-03";"116256.0";"";"mxContractEventIUNWIND";"Unwind";"dead";"5493006QMFDDMYWIAM13103010303U282";"";"";"";"EQ SWAP";"27.68000000";"";"Equity:PortfolioSwap:PriceReturnBasicPerformance:SingleName";""
"Termination";"1016_13303_U816_SWAPONE_SWAPSWAPONEEQSWP";"1016_13303_U816_SWAPONE_SWAP";"BDSD";"LONDON BRANCH";"FPFL12";"2025-07-16";"2026-01-20";"2026-01-20";"0.0";"";"mxContractEventIUNWIND";"Unwind";"dead";"5493006QMFDDMYWIAM13101613303U816";"";"";"";"EQ SWAP";"0";"";"Equity:PortfolioSwap:PriceReturnBasicPerformance:SingleName";""
"Termination";"1044_10001_U1156_SWAPONE_SWAPSWAPONEEQSWP";"1044_10001_U1156_SWAPONE_SWAP";"BDSD";"LONDON BRANCH";"00ZICE";"2026-04-17";"2026-08-05";"2026-08-05";"38615400";"";"mxContractEventIUNWIND";"Unwind";"dead";"5493006QMFDDMYWIAM13104410001U1156";"";"5493006QMFDDMYWIAM131044_10001_U1204";"";"EQ SWAP";"71.51000000";"";"Equity:PortfolioSwap:PriceReturnBasicPerformance:SingleName";""
"Termination";"1044_10075_U910_SWAPONE_SWAPSWAPONEEQSWP";"1044_10075_U910_SWAPONE_SWAP";"BDSD";"LONDON BRANCH";"TZY1";"2026-01-27";"2026-08-05";"2026-08-05";"26955000";"";"mxContractEventIUNWIND";"Unwind";"dead";"5493006QMFDDMYWIAM13104410075U910";"";"";"";"EQ SWAP";"53.91000000";"";"Equity:PortfolioSwap:PriceReturnBasicPerformance:SingleName";""
"Insert";"1070_10075_U1104_SWAPONE_SWAPSWAPONEEQSWP";"1070_10075_U1104_SWAPONE_SWAP";"BDSD";"LONDON BRANCH";"FPFL12";"2026-03-31";"2027-02-02";"2027-02-02";"878200.005";"";"Insert";"Insert";"live";"5493006QMFDDMYWIAM13107010075U1104";"";"";"";"EQ SWAP";"58.54666700";"";"Equity:PortfolioSwap:PriceReturnBasicPerformance:SingleName";""
"Termination";"1063_14906_U1154_SWAPONE_SWAPSWAPONEEQSWP";"1063_14906_U1154_SWAPONE_SWAP";"BDSD";"LONDON BRANCH";"TZY1";"2026-04-10";"2026-11-13";"2026-11-13";"57224614.640224";"";"mxContractEventIUNWIND";"Unwind";"dead";"5493006QMFDDMYWIAM13106314906U1154";"";"";"";"EQ SWAP";"352.71147200";"";"Equity:PortfolioSwap:PriceReturnBasicPerformance:SingleName";""
"Termination";"1065_15221_U1012_SWAPONE_SWAPSWAPONEEQSWP";"1065_15221_U1012_SWAPONE_SWAP";"BDSD";"LONDON BRANCH";"SSAL13";"2026-02-23";"2026-12-10";"2026-12-10";"4249814.355";"";"mxContractEventIUNWIND";"Unwind";"dead";"5493006QMFDDMYWIAM13106515221U1012";"";"";"";"EQ SWAP";"283.32095700";"";"Equity:PortfolioSwap:PriceReturnBasicPerformance:SingleName";""
"Termination";"1044_10075_U992_SWAPONE_SWAPSWAPONEEQSWP";"1044_10075_U992_SWAPONE_SWAP";"BDSD";"LONDON BRANCH";"TZY1";"2026-02-18";"2026-08-05";"2026-08-05";"1760329.0";"";"mxContractEventIUNWIND";"Unwind";"dead";"5493006QMFDDMYWIAM13104410075U992";"";"";"";"EQ SWAP";"58.58000000";"";"Equity:PortfolioSwap:PriceReturnBasicPerformance:SingleName";""
"Termination";"1044_10068_U438_SWAPONE_SWAPSWAPONEEQSWP";"1044_10068_U438_SWAPONE_SWAP";"BDSD";"LONDON BRANCH";"TZY1";"2025-08-01";"2026-08-05";"2026-08-05";"38805000";"";"mxContractEventIUNWIND";"Unwind";"dead";"5493006QMFDDMYWIAM13104410068U438";"";"";"";"EQ SWAP";"51.74000000";"";"Equity:PortfolioSwap:PriceReturnBasicPerformance:SingleName";""
"Termination";"1016_10062_U592_SWAPONE_SWAPSWAPONEEQSWP";"1016_10062_U592_SWAPONE_SWAP";"BDSD";"LONDON BRANCH";"FPFL12";"2025-12-05";"2026-01-20";"2026-01-20";"1896514.0";"";"mxContractEventIUNWIND";"Unwind";"dead";"5493006QMFDDMYWIAM13101610062U592";"";"";"";"EQ SWAP";"18.96514000";"";"Equity:PortfolioSwap:PriceReturnBasicPerformance:SingleName";""
"Termination";"1051_13301_U725_SWAPONE_SWAPSWAPONEEQSWP";"1051_13301_U725_SWAPONE_SWAP";"BDSD";"LONDON BRANCH";"SSAL13";"2025-12-30";"2026-11-03";"2026-11-03";"2950480.0";"";"mxContractEventIUNWIND";"Unwind";"dead";"5493006QMFDDMYWIAM13105113301U725";"";"";"";"EQ SWAP";"28.37000000";"";"Equity:PortfolioSwap:PriceReturnBasicPerformance:SingleName";""
"Termination";"1044_10075_U1086_SWAPONE_SWAPSWAPONEEQSWP";"1044_10075_U1086_SWAPONE_SWAP";"BDSD";"LONDON BRANCH";"TZY1";"2026-03-19";"2026-08-05";"2026-08-05";"4640800.0";"";"mxContractEventIUNWIND";"Unwind";"dead";"5493006QMFDDMYWIAM13104410075U1086";"";"";"";"EQ SWAP";"58.01000000";"";"Equity:PortfolioSwap:PriceReturnBasicPerformance:SingleName";""
"Termination";"1071_10042_U1151_SWAPONE_SWAPSWAPONEEQSWP";"1071_10042_U1151_SWAPONE_SWAP";"BDSD";"LONDON BRANCH";"FFASL1";"2026-04-10";"2027-02-02";"2027-02-02";"75102.9996";"";"mxContractEventIUNWIND";"Unwind";"dead";"5493006QMFDDMYWIAM13107110042U1151";"";"";"";"EQ SWAP";"62.58583300";"";"Equity:PortfolioSwap:PriceReturnBasicPerformance:SingleName";""
"Termination";"1041_10004_U682_SWAPONE_SWAPSWAPONEEQSWP";"1041_10004_U682_SWAPONE_SWAP";"BDSD";"LONDON BRANCH";"00FLOO";"2026-03-26";"2027-01-04";"2027-01-04";"379950.0";"";"mxContractEventIUNWIND";"Unwind";"dead";"5493006QMFDDMYWIAM13104110004U682";"";"";"";"EQ SWAP";"7.45000000";"";"Equity:PortfolioSwap:PriceReturnBasicPerformance:SingleName";""
"Termination";"1051_10401_U696_SWAPONE_SWAPSWAPONEEQSWP";"1051_10401_U696_SWAPONE_SWAP";"BDSD";"LONDON BRANCH";"0087I1";"2025-12-30";"2026-11-03";"2026-11-03";"2497250.000003";"";"mxContractEventIRESTRUCTURE";"Cancel";"dead";"5493006QMFDDMYWIAM13105110401U696";"";"5493006QMFDDMYWIAM131051_10401_U728";"";"EQ SWAP";"16.11129032";"";"Equity:PortfolioSwap:PriceReturnBasicPerformance:SingleName";""
"Termination";"1044_16207_U684_SWAPONE_SWAPSWAPONEEQSWP";"1044_16207_U684_SWAPONE_SWAP";"BDSD";"LONDON BRANCH";"TZY1";"2025-12-26";"2026-08-05";"2026-08-05";"14810905.7736";"";"mxContractEventIUNWIND";"Unwind";"dead";"5493006QMFDDMYWIAM13104416207U684";"";"";"";"EQ SWAP";"48.99990000";"";"Equity:PortfolioSwap:PriceReturnBasicPerformance:SingleName";""
"Termination";"1051_10865_U887_SWAPONE_SWAPSWAPONEEQSWP";"1051_10865_U887_SWAPONE_SWAP";"BDSD";"LONDON BRANCH";"SSAL13";"2026-01-23";"2026-11-03";"2026-11-03";"395210.9928";"";"mxContractEventIUNWIND";"Unwind";"dead";"5493006QMFDDMYWIAM13105110865U887";"";"";"";"EQ SWAP";"12.66701900";"";"Equity:PortfolioSwap:PriceReturnBasicPerformance:SingleName";""
"Termination";"1071_11488_U1193_SWAPONE_SWAPSWAPONEEQSWP";"1071_11488_U1193_SWAPONE_SWAP";"BDSD";"LONDON BRANCH";"FFASL1";"2026-04-17";"2027-02-02";"2027-02-02";"70438.0";"";"mxContractEventIUNWIND";"Unwind";"dead";"5493006QMFDDMYWIAM13107111488U1193";"";"";"";"EQ SWAP";"28.17520000";"";"Equity:PortfolioSwap:PriceReturnBasicPerformance:SingleName";""
"Termination";"1051_13301_U794_SWAPONE_SWAPSWAPONEEQSWP";"1051_13301_U794_SWAPONE_SWAP";"BDSD";"LONDON BRANCH";"SSAL13";"2026-01-02";"2026-11-03";"2026-11-03";"10263600";"";"mxContractEventIUNWIND";"Unwind";"dead";"5493006QMFDDMYWIAM13105113301U794";"";"";"";"EQ SWAP";"28.51000000";"";"Equity:PortfolioSwap:PriceReturnBasicPerformance:SingleName";""
"Termination";"1063_14901_U871_SWAPONE_SWAPSWAPONEEQSWP";"1063_14901_U871_SWAPONE_SWAP";"BDSD";"LONDON BRANCH";"00ZICE";"2026-01-21";"2026-11-13";"2026-11-13";"9083236.92";"";"mxContractEventIUNWIND";"Unwind";"dead";"5493006QMFDDMYWIAM13106314901U871";"";"5493006QMFDDMYWIAM131063_14901_U861";"";"EQ SWAP";"179.61000000";"";"Equity:PortfolioSwap:PriceReturnBasicPerformance:SingleName";""
"Termination";"1044_10007_U1132_SWAPONE_SWAPSWAPONEEQSWP";"1044_10007_U1132_SWAPONE_SWAP";"BDSD";"LONDON BRANCH";"TZY1";"2026-04-08";"2026-08-05";"2026-08-05";"10356000";"";"mxContractEventIUNWIND";"Unwind";"dead";"5493006QMFDDMYWIAM13104410007U1132";"";"";"";"EQ SWAP";"25.89000000";"";"Equity:PortfolioSwap:PriceReturnBasicPerformance:SingleName";""
"Termination";"1051_10049_U685_SWAPONE_SWAPSWAPONEEQSWP";"1051_10049_U685_SWAPONE_SWAP";"BDSD";"LONDON BRANCH";"SSAL13";"2025-12-26";"2026-11-03";"2026-11-03";"4768470.0";"";"mxContractEventIUNWIND";"Unwind";"dead";"5493006QMFDDMYWIAM13105110049U685";"";"";"";"EQ SWAP";"25.23000000";"";"Equity:PortfolioSwap:PriceReturnBasicPerformance:SingleName";""
"Termination";"1044_13301_U657_SWAPONE_SWAPSWAPONEEQSWP";"1044_13301_U657_SWAPONE_SWAP";"BDSD";"LONDON BRANCH";"TZY1";"2025-12-18";"2026-08-05";"2026-08-05";"33480000";"";"mxContractEventIUNWIND";"Unwind";"dead";"5493006QMFDDMYWIAM13104413301U657";"";"";"";"EQ SWAP";"27.90000000";"";"Equity:PortfolioSwap:PriceReturnBasicPerformance:SingleName";""
"Termination";"1016_10058_U394_SWAPONE_SWAPSWAPONEEQSWP";"1016_10058_U394_SWAPONE_SWAP";"BDSD";"LONDON BRANCH";"FPFL12";"2025-06-02";"2026-01-20";"2026-01-20";"268000.0";"";"mxContractEventIUNWIND";"Unwind";"dead";"5493006QMFDDMYWIAM13101610058U394";"";"";"";"EQ SWAP";"10.72000000";"";"Equity:PortfolioSwap:PriceReturnBasicPerformance:SingleName";""
"Termination";"1051_11183_U1111_SWAPONE_SWAPSWAPONEEQSWP";"1051_11183_U1111_SWAPONE_SWAP";"BDSD";"LONDON BRANCH";"SSAL13";"2026-04-01";"2026-11-03";"2026-11-03";"1350252.0";"";"mxContractEventIUNWIND";"Unwind";"dead";"5493006QMFDDMYWIAM13105111183U1111";"";"";"";"EQ SWAP";"13.50252000";"";"Equity:PortfolioSwap:PriceReturnBasicPerformance:SingleName";""
"Increase";"1051_10001_U979_SWAPONE_SWAPSWAPONEEQSWP";"1051_10001_U979_SWAPONE_SWAP";"BDSD";"LONDON BRANCH";"00YRB9";"2026-04-20";"2026-11-03";"2026-11-03";"2656980.7289413754";"";"mxContractEventIRESTRUCTURE";"Restructure";"live";"5493006QMFDDMYWIAM13105110001U979";"";"5493006QMFDDMYWIAM131051_10001_U1208";"";"EQ SWAP";"68.86224158";"";"Equity:PortfolioSwap:PriceReturnBasicPerformance:SingleName";""
"Termination";"1051_13301_U692_SWAPONE_SWAPSWAPONEEQSWP";"1051_13301_U692_SWAPONE_SWAP";"BDSD";"LONDON BRANCH";"0087I1";"2026-01-02";"2026-11-03";"2026-11-03";"10170674.960004";"";"mxContractEventIUNWIND";"Unwind";"dead";"5493006QMFDDMYWIAM13105113301U692";"";"5493006QMFDDMYWIAM131051_13301_U794";"";"EQ SWAP";"28.25187489";"";"Equity:PortfolioSwap:PriceReturnBasicPerformance:SingleName";""
"Termination";"1051_10305_U944_SWAPONE_SWAPSWAPONEEQSWP";"1051_10305_U944_SWAPONE_SWAP";"BDSD";"LONDON BRANCH";"SSAL13";"2026-02-03";"2026-11-03";"2026-11-03";"3627175.0001";"";"mxContractEventIUNWIND";"Unwind";"dead";"5493006QMFDDMYWIAM13105110305U944";"";"";"";"EQ SWAP";"31.84525900";"";"Equity:PortfolioSwap:PriceReturnBasicPerformance:SingleName";""
"Termination";"1043_10064_U477_SWAPONE_SWAPSWAPONEEQSWP";"1043_10064_U477_SWAPONE_SWAP";"BDSD";"LONDON BRANCH";"00FLOO";"2025-09-30";"2026-07-13";"2026-07-13";"15744498";"";"mxContractEventIUNWIND";"Unwind";"dead";"5493006QMFDDMYWIAM13104310064U477";"";"";"";"EQ SWAP";"34.98000000";"";"Equity:PortfolioSwap:PriceReturnBasicPerformance:SingleName";""
"Termination";"1016_11552_U396_SWAPONE_SWAPSWAPONEEQSWP";"1016_11552_U396_SWAPONE_SWAP";"BDSD";"LONDON BRANCH";"FPFL12";"2025-06-02";"2026-01-20";"2026-01-20";"782140.0079988";"";"mxContractEventIUNWIND";"Unwind";"dead";"5493006QMFDDMYWIAM13101611552U396";"";"";"";"EQ SWAP";"14.48407422";"";"Equity:PortfolioSwap:PriceReturnBasicPerformance:SingleName";""
"Termination";"1041_10021_U559_SWAPONE_SWAPSWAPONEEQSWP";"1041_10021_U559_SWAPONE_SWAP";"BDSD";"LONDON BRANCH";"00FLOO";"2025-11-13";"2026-01-01";"2026-01-01";"12754413";"";"mxContractEventIUNWIND";"Unwind";"dead";"5493006QMFDDMYWIAM13104110021U559";"";"";"";"EQ SWAP";"12.75441300";"";"Equity:PortfolioSwap:PriceReturnBasicPerformance:SingleName";""
"Termination";"1071_10401_U1207_SWAPONE_SWAPSWAPONEEQSWP";"1071_10401_U1207_SWAPONE_SWAP";"BDSD";"LONDON BRANCH";"00Y7R4";"2026-04-20";"2027-02-02";"2027-02-02";"53850.0";"";"mxContractEventIUNWIND";"Unwind";"dead";"5493006QMFDDMYWIAM13107110401U1207";"";"5493006QMFDDMYWIAM131071_10401_U1206";"";"EQ SWAP";"17.95000000";"";"Equity:PortfolioSwap:PriceReturnBasicPerformance:SingleName";""
"Termination";"1051_10081_U884_SWAPONE_SWAPSWAPONEEQSWP";"1051_10081_U884_SWAPONE_SWAP";"BDSD";"LONDON BRANCH";"SSAL13";"2026-01-23";"2026-11-03";"2026-11-03";"2680855.038";"";"mxContractEventIUNWIND";"Unwind";"dead";"5493006QMFDDMYWIAM13105110081U884";"";"";"";"EQ SWAP";"34.63637000";"";"Equity:PortfolioSwap:PriceReturnBasicPerformance:SingleName";""
"Termination";"1051_10042_U888_SWAPONE_SWAPSWAPONEEQSWP";"1051_10042_U888_SWAPONE_SWAP";"BDSD";"LONDON BRANCH";"SSAL13";"2026-01-23";"2026-11-03";"2026-11-03";"387534.0018";"";"mxContractEventIUNWIND";"Unwind";"dead";"5493006QMFDDMYWIAM13105110042U888";"";"";"";"EQ SWAP";"58.71727300";"";"Equity:PortfolioSwap:PriceReturnBasicPerformance:SingleName";""
"Decrease";"1051_10007_U969_SWAPONE_SWAPSWAPONEEQSWP";"1051_10007_U969_SWAPONE_SWAP";"BDSD";"LONDON BRANCH";"SSAL13";"2026-02-09";"2026-11-03";"2026-11-03";"1636929.0";"";"mxContractEventIUNWIND";"Unwind";"dead";"5493006QMFDDMYWIAM13105110007U969";"";"";"";"EQ SWAP";"21.82572000";"";"Equity:PortfolioSwap:PriceReturnBasicPerformance:SingleName";""
"Termination";"1044_13301_U446_SWAPONE_SWAPSWAPONEEQSWP";"1044_13301_U446_SWAPONE_SWAP";"BDSD";"LONDON BRANCH";"00ZICD";"2025-12-15";"2026-08-05";"2026-08-05";"19935000";"";"mxContractEventIUNWIND";"Unwind";"dead";"5493006QMFDDMYWIAM13104413301U446";"";"5493006QMFDDMYWIAM131044_13301_U644";"";"EQ SWAP";"22.15000000";"";"Equity:PortfolioSwap:PriceReturnBasicPerformance:SingleName";""
"Termination";"1041_10062_U253_SWAPONE_SWAPSWAPONEEQSWP";"1041_10062_U253_SWAPONE_SWAP";"BDSD";"LONDON BRANCH";"00FLOO";"2025-04-01";"2026-01-01";"2026-01-01";"16804924";"";"mxContractEventIUNWIND";"Unwind";"dead";"5493006QMFDDMYWIAM13104110062U253";"";"";"";"EQ SWAP";"11.24000000";"";"Equity:PortfolioSwap:PriceReturnBasicPerformance:SingleName";""
"Termination";"1051_10027_U864_SWAPONE_SWAPSWAPONEEQSWP";"1051_10027_U864_SWAPONE_SWAP";"BDSD";"LONDON BRANCH";"SSAL13";"2026-01-21";"2026-11-03";"2026-11-03";"21304677";"";"mxContractEventIUNWIND";"Unwind";"dead";"5493006QMFDDMYWIAM13105110027U864";"";"";"";"EQ SWAP";"35.50779500";"";"Equity:PortfolioSwap:PriceReturnBasicPerformance:SingleName";""
"Termination";"1044_10022_U492_SWAPONE_SWAPSWAPONEEQSWP";"1044_10022_U492_SWAPONE_SWAP";"BDSD";"LONDON BRANCH";"00ZICD";"2026-02-06";"2026-08-05";"2026-08-05";"58184344.59605905";"";"mxContractEventIUNWIND";"Unwind";"dead";"5493006QMFDDMYWIAM13104410022U492";"";"5493006QMFDDMYWIAM131044_10022_U959";"";"EQ SWAP";"47.57272499";"";"Equity:PortfolioSwap:PriceReturnBasicPerformance:SingleName";""
"Termination";"1065_15238_U617_SWAPONE_SWAPSWAPONEEQSWP";"1065_15238_U617_SWAPONE_SWAP";"BDSD";"LONDON BRANCH";"00YRB9";"2026-01-14";"2026-12-10";"2026-12-10";"63116.16";"";"mxContractEventIUNWIND";"Unwind";"dead";"5493006QMFDDMYWIAM13106515238U617";"";"5493006QMFDDMYWIAM131065_15238_U836";"";"EQ SWAP";"9.26000000";"";"Equity:PortfolioSwap:PriceReturnBasicPerformance:SingleName";""
"Termination";"1030_10024_U281_SWAPONE_SWAPSWAPONEEQSWP";"1030_10024_U281_SWAPONE_SWAP";"BDSD";"LONDON BRANCH";"00Y7RD";"2025-06-02";"2025-09-12";"2025-09-12";"191394.0";"";"mxContractEventIUNWIND";"Unwind";"dead";"5493006QMFDDMYWIAM13103010024U281";"";"5493006QMFDDMYWIAM131030_10024_U374";"";"EQ SWAP";"30.87000000";"";"Equity:PortfolioSwap:PriceReturnBasicPerformance:SingleName";""
"Termination";"1051_10307_U708_SWAPONE_SWAPSWAPONEEQSWP";"1051_10307_U708_SWAPONE_SWAP";"BDSD";"LONDON BRANCH";"SSAL13";"2025-12-29";"2026-11-03";"2026-11-03";"1832700.0";"";"mxContractEventIUNWIND";"Unwind";"dead";"5493006QMFDDMYWIAM13105110307U708";"";"";"";"EQ SWAP";"8.94000000";"";"Equity:PortfolioSwap:PriceReturnBasicPerformance:SingleName";""
"Termination";"1030_10042_U658_SWAPONE_SWAPSWAPONEEQSWP";"1030_10042_U658_SWAPONE_SWAP";"BDSD";"LONDON BRANCH";"FFASL1";"2025-12-19";"2026-02-03";"2026-02-03";"5241.0";"";"mxContractEventIUNWIND";"Unwind";"dead";"5493006QMFDDMYWIAM13103010042U658";"";"";"";"EQ SWAP";"52.41000000";"";"Equity:PortfolioSwap:PriceReturnBasicPerformance:SingleName";""
"Termination";"1051_11284_U634_SWAPONE_SWAPSWAPONEEQSWP";"1051_11284_U634_SWAPONE_SWAP";"BDSD";"LONDON BRANCH";"SSAL13";"2025-12-10";"2026-11-03";"2026-11-03";"5397700.0";"";"mxContractEventIUNWIND";"Unwind";"dead";"5493006QMFDDMYWIAM13105111284U634";"";"";"";"EQ SWAP";"14.02000000";"";"Equity:PortfolioSwap:PriceReturnBasicPerformance:SingleName";""
"Termination";"1044_10068_U440_SWAPONE_SWAPSWAPONEEQSWP";"1044_10068_U440_SWAPONE_SWAP";"BDSD";"LONDON BRANCH";"00ZICD";"2026-04-08";"2026-08-05";"2026-08-05";"34665800";"";"mxContractEventIUNWIND";"Unwind";"dead";"5493006QMFDDMYWIAM13104410068U440";"";"5493006QMFDDMYWIAM131044_10068_U1131";"";"EQ SWAP";"51.74000000";"";"Equity:PortfolioSwap:PriceReturnBasicPerformance:SingleName";""
"Termination";"1041_10010_U412_SWAPONE_SWAPSWAPONEEQSWP";"1041_10010_U412_SWAPONE_SWAP";"BDSD";"LONDON BRANCH";"00FLOO";"2025-06-09";"2026-01-01";"2026-01-01";"13937688";"";"mxContractEventIUNWIND";"Unwind";"dead";"5493006QMFDDMYWIAM13104110010U412";"";"";"";"EQ SWAP";"40.12000000";"";"Equity:PortfolioSwap:PriceReturnBasicPerformance:SingleName";""
"Termination";"1044_10006_U1029_SWAPONE_SWAPSWAPONEEQSWP";"1044_10006_U1029_SWAPONE_SWAP";"BDSD";"LONDON BRANCH";"TZY1";"2026-03-02";"2026-08-05";"2026-08-05";"5330000.0";"";"mxContractEventIUNWIND";"Unwind";"dead";"5493006QMFDDMYWIAM13104410006U1029";"";"";"";"EQ SWAP";"5.33000000";"";"Equity:PortfolioSwap:PriceReturnBasicPerformance:SingleName";""
"Termination";"1041_13301_U451_SWAPONE_SWAPSWAPONEEQSWP";"1041_13301_U451_SWAPONE_SWAP";"BDSD";"LONDON BRANCH";"00FLOO";"2025-08-29";"2026-01-01";"2026-01-01";"11301962.99287112";"";"mxContractEventIUNWIND";"Unwind";"dead";"5493006QMFDDMYWIAM13104113301U451";"";"";"";"EQ SWAP";"22.57683379";"";"Equity:PortfolioSwap:PriceReturnBasicPerformance:SingleName";""
"Amendment";"1071_10401_U936_SWAPONE_SWAPSWAPONEEQSWP";"1071_10401_U936_SWAPONE_SWAP";"BDSD";"LONDON BRANCH";"00Y7RA";"2026-01-30";"2027-02-02";"2027-02-02";"290697.6";"";"mxContractEventIRESTRUCTURE";"Restructure";"live";"5493006QMFDDMYWIAM13107110401U936";"";"";"";"EQ SWAP";"16.05000000";"";"Equity:PortfolioSwap:PriceReturnBasicPerformance:SingleName";""
"Termination";"1044_10006_U1035_SWAPONE_SWAPSWAPONEEQSWP";"1044_10006_U1035_SWAPONE_SWAP";"BDSD";"LONDON BRANCH";"00ZICD";"2026-03-03";"2026-08-05";"2026-08-05";"7785000.0";"";"mxContractEventIUNWIND";"Unwind";"dead";"5493006QMFDDMYWIAM13104410006U1035";"";"5493006QMFDDMYWIAM131044_10006_U1034";"";"EQ SWAP";"5.19000000";"";"Equity:PortfolioSwap:PriceReturnBasicPerformance:SingleName";""
"Termination";"1016_10039_U443_SWAPONE_SWAPSWAPONEEQSWP";"1016_10039_U443_SWAPONE_SWAP";"BDSD";"LONDON BRANCH";"FPFL12";"2025-09-09";"2026-01-20";"2026-01-20";"1676818.005";"";"mxContractEventIUNWIND";"Unwind";"dead";"5493006QMFDDMYWIAM13101610039U443";"";"";"";"EQ SWAP";"111.78786700";"";"Equity:PortfolioSwap:PriceReturnBasicPerformance:SingleName";""
"Termination";"1051_10001_U977_SWAPONE_SWAPSWAPONEEQSWP";"1051_10001_U977_SWAPONE_SWAP";"BDSD";"LONDON BRANCH";"SSAL13";"2026-02-11";"2026-11-03";"2026-11-03";"692957.49819";"";"mxContractEventIUNWIND";"Unwind";"dead";"5493006QMFDDMYWIAM13105110001U977";"";"";"";"EQ SWAP";"62.93891900";"";"Equity:PortfolioSwap:PriceReturnBasicPerformance:SingleName";""
"Termination";"1051_16607_U1115_SWAPONE_SWAPSWAPONEEQSWP";"1051_16607_U1115_SWAPONE_SWAP";"BDSD";"LONDON BRANCH";"SSAL13";"2026-04-01";"2026-11-03";"2026-11-03";"156660000";"";"mxContractEventIUNWIND";"Unwind";"dead";"5493006QMFDDMYWIAM13105116607U1115";"";"";"";"EQ SWAP";"111.90000000";"";"Equity:PortfolioSwap:PriceReturnBasicPerformance:SingleName";""
"Termination";"1071_10401_U1206_SWAPONE_SWAPSWAPONEEQSWP";"1071_10401_U1206_SWAPONE_SWAP";"BDSD";"LONDON BRANCH";"FFASL1";"2026-04-20";"2027-02-02";"2027-02-02";"53850.0";"";"mxContractEventIUNWIND";"Unwind";"dead";"5493006QMFDDMYWIAM13107110401U1206";"";"";"";"EQ SWAP";"17.95000000";"";"Equity:PortfolioSwap:PriceReturnBasicPerformance:SingleName";""
"Termination";"1030_10022_U353_SWAPONE_SWAPSWAPONEEQSWP";"1030_10022_U353_SWAPONE_SWAP";"BDSD";"LONDON BRANCH";"FFASL1";"2025-05-08";"2026-02-03";"2026-02-03";"4626.0";"";"mxContractEventIUNWIND";"Unwind";"dead";"5493006QMFDDMYWIAM13103010022U353";"";"";"";"EQ SWAP";"46.26000000";"";"Equity:PortfolioSwap:PriceReturnBasicPerformance:SingleName";""
"Termination";"1016_15308_U811_SWAPONE_SWAPSWAPONEEQSWP";"1016_15308_U811_SWAPONE_SWAP";"BDSD";"LONDON BRANCH";"FPFL12";"2025-09-09";"2026-01-20";"2026-01-20";"1192500.0";"";"mxContractEventIUNWIND";"Unwind";"dead";"5493006QMFDDMYWIAM13101615308U811";"";"";"";"EQ SWAP";"15.90000000";"";"Equity:PortfolioSwap:PriceReturnBasicPerformance:SingleName";""
"Termination";"1016_15308_U772_SWAPONE_SWAPSWAPONEEQSWP";"1016_15308_U772_SWAPONE_SWAP";"BDSD";"LONDON BRANCH";"FPFL12";"2025-09-09";"2026-01-20";"2026-01-20";"795000.0";"";"mxContractEventICANCEL";"Cancel";"dead";"5493006QMFDDMYWIAM13101615308U772";"";"";"";"EQ SWAP";"15.90000000";"";"Equity:PortfolioSwap:PriceReturnBasicPerformance:SingleName";""
"Termination";"1016_10075_U393_SWAPONE_SWAPSWAPONEEQSWP";"1016_10075_U393_SWAPONE_SWAP";"BDSD";"LONDON BRANCH";"FPFL12";"2025-06-02";"2026-01-20";"2026-01-20";"16550.05720072";"";"mxContractEventIUNWIND";"Unwind";"dead";"5493006QMFDDMYWIAM13101610075U393";"";"";"";"EQ SWAP";"41.37514300";"";"Equity:PortfolioSwap:PriceReturnBasicPerformance:SingleName";""
"Termination";"1051_10011_U837_SWAPONE_SWAPSWAPONEEQSWP";"1051_10011_U837_SWAPONE_SWAP";"BDSD";"LONDON BRANCH";"SSAL13";"2026-01-14";"2026-11-03";"2026-11-03";"351120.0";"";"mxContractEventICANCEL";"Cancel";"dead";"5493006QMFDDMYWIAM13105110011U837";"";"";"";"EQ SWAP";"43.89000000";"";"Equity:PortfolioSwap:PriceReturnBasicPerformance:SingleName";""
"Termination";"1044_10024_U459_SWAPONE_SWAPSWAPONEEQSWP";"1044_10024_U459_SWAPONE_SWAP";"BDSD";"LONDON BRANCH";"00ZICE";"2025-08-14";"2026-08-05";"2026-08-05";"22360000";"";"mxContractEventICANCEL";"Cancel";"dead";"5493006QMFDDMYWIAM13104410024U459";"";"5493006QMFDDMYWIAM131044_10024_U456";"";"EQ SWAP";"34.40000000";"";"Equity:PortfolioSwap:PriceReturnBasicPerformance:SingleName";""
"Termination";"1051_10311_U710_SWAPONE_SWAPSWAPONEEQSWP";"1051_10311_U710_SWAPONE_SWAP";"BDSD";"LONDON BRANCH";"SSAL13";"2025-12-29";"2026-11-03";"2026-11-03";"1619950.0";"";"mxContractEventIUNWIND";"Unwind";"dead";"5493006QMFDDMYWIAM13105110311U710";"";"";"";"EQ SWAP";"8.95000000";"";"Equity:PortfolioSwap:PriceReturnBasicPerformance:SingleName";""
"Termination";"1051_10055_U1147_SWAPONE_SWAPSWAPONEEQSWP";"1051_10055_U1147_SWAPONE_SWAP";"BDSD";"LONDON BRANCH";"SSAL13";"2026-04-10";"2026-11-03";"2026-11-03";"2082328.0";"";"mxContractEventIUNWIND";"Unwind";"dead";"5493006QMFDDMYWIAM13105110055U1147";"";"";"";"EQ SWAP";"41.64656000";"";"Equity:PortfolioSwap:PriceReturnBasicPerformance:SingleName";""
"Termination";"1051_10305_U1172_SWAPONE_SWAPSWAPONEEQSWP";"1051_10305_U1172_SWAPONE_SWAP";"BDSD";"LONDON BRANCH";"SSAL13";"2026-04-13";"2026-11-03";"2026-11-03";"4538624.0658";"";"mxContractEventIUNWIND";"Unwind";"dead";"5493006QMFDDMYWIAM13105110305U1172";"";"";"";"EQ SWAP";"27.69142200";"";"Equity:PortfolioSwap:PriceReturnBasicPerformance:SingleName";""
"Termination";"1054_13404_U702_SWAPONE_SWAPSWAPONEEQSWP";"1054_13404_U702_SWAPONE_SWAP";"BDSD";"LONDON BRANCH";"00X7TJ";"2025-12-30";"2026-07-21";"2026-07-21";"142273.0434";"";"mxContractEventIUNWIND";"Unwind";"dead";"5493006QMFDDMYWIAM13105413404U702";"";"";"";"EQ SWAP";"9.74472900";"";"Equity:PortfolioSwap:PriceReturnBasicPerformance:SingleName";""
"Termination";"1051_10001_U1208_SWAPONE_SWAPSWAPONEEQSWP";"1051_10001_U1208_SWAPONE_SWAP";"BDSD";"LONDON BRANCH";"SSAL13";"2026-04-20";"2026-11-03";"2026-11-03";"1950358.92894";"";"mxContractEventIUNWIND";"Unwind";"dead";"5493006QMFDDMYWIAM13105110001U1208";"";"";"";"EQ SWAP";"70.73181000";"";"Equity:PortfolioSwap:PriceReturnBasicPerformance:SingleName";""
"Termination";"1051_10022_U1083_SWAPONE_SWAPSWAPONEEQSWP";"1051_10022_U1083_SWAPONE_SWAP";"BDSD";"LONDON BRANCH";"SSAL13";"2026-03-17";"2026-11-03";"2026-11-03";"783331.005";"";"mxContractEventIUNWIND";"Unwind";"dead";"5493006QMFDDMYWIAM13105110022U1083";"";"";"";"EQ SWAP";"52.22206700";"";"Equity:PortfolioSwap:PriceReturnBasicPerformance:SingleName";""
"Termination";"1044_13301_U551_SWAPONE_SWAPSWAPONEEQSWP";"1044_13301_U551_SWAPONE_SWAP";"BDSD";"LONDON BRANCH";"007Y6R";"2026-04-01";"2026-08-05";"2026-08-05";"10491799.67";"";"mxContractEventIUNWIND";"Unwind";"dead";"5493006QMFDDMYWIAM13104413301U551";"";"5493006QMFDDMYWIAM131044_13301_U1113";"";"EQ SWAP";"32.23000000";"";"Equity:PortfolioSwap:PriceReturnBasicPerformance:SingleName";""
"Termination";"1051_10022_U624_SWAPONE_SWAPSWAPONEEQSWP";"1051_10022_U624_SWAPONE_SWAP";"BDSD";"LONDON BRANCH";"SSAL13";"2025-12-09";"2026-11-03";"2026-11-03";"798672.0";"";"mxContractEventICANCEL";"Cancel";"dead";"5493006QMFDDMYWIAM13105110022U624";"";"";"";"EQ SWAP";"47.54000000";"";"Equity:PortfolioSwap:PriceReturnBasicPerformance:SingleName";""
"Termination";"1071_10060_U1184_SWAPONE_SWAPSWAPONEEQSWP";"1071_10060_U1184_SWAPONE_SWAP";"BDSD";"LONDON BRANCH";"FFASL1";"2026-04-15";"2027-02-02";"2027-02-02";"10515.0";"";"mxContractEventIUNWIND";"Unwind";"dead";"5493006QMFDDMYWIAM13107110060U1184";"";"";"";"EQ SWAP";"35.05000000";"";"Equity:PortfolioSwap:PriceReturnBasicPerformance:SingleName";""
"Termination";"1030_10021_U280_SWAPONE_SWAPSWAPONEEQSWP";"1030_10021_U280_SWAPONE_SWAP";"BDSD";"LONDON BRANCH";"00Y7RD";"2026-01-30";"2026-02-03";"2026-02-03";"191349.0";"";"mxContractEventIUNWIND";"Unwind";"dead";"5493006QMFDDMYWIAM13103010021U280";"";"";"";"EQ SWAP";"11.19000000";"";"Equity:PortfolioSwap:PriceReturnBasicPerformance:SingleName";""
"Termination";"1044_10027_U465_SWAPONE_SWAPSWAPONEEQSWP";"1044_10027_U465_SWAPONE_SWAP";"BDSD";"LONDON BRANCH";"00ZICE";"2026-04-07";"2026-08-05";"2026-08-05";"42428755.9449595";"";"mxContractEventIUNWIND";"Unwind";"dead";"5493006QMFDDMYWIAM13104410027U465";"";"5493006QMFDDMYWIAM131044_10027_U1127";"";"EQ SWAP";"33.01848712";"";"Equity:PortfolioSwap:PriceReturnBasicPerformance:SingleName";""
"Termination";"1016_10039_U409_SWAPONE_SWAPSWAPONEEQSWP";"1016_10039_U409_SWAPONE_SWAP";"BDSD";"LONDON BRANCH";"FPFL12";"2025-06-25";"2026-01-20";"2026-01-20";"2705573.0052";"";"mxContractEventIUNWIND";"Unwind";"dead";"5493006QMFDDMYWIAM13101610039U409";"";"";"";"EQ SWAP";"115.62277800";"";"Equity:PortfolioSwap:PriceReturnBasicPerformance:SingleName";""
"Termination";"1044_11530_U639_SWAPONE_SWAPSWAPONEEQSWP";"1044_11530_U639_SWAPONE_SWAP";"BDSD";"LONDON BRANCH";"TZY1";"2025-12-12";"2026-08-05";"2026-08-05";"5635200.0";"";"mxContractEventIUNWIND";"Unwind";"dead";"5493006QMFDDMYWIAM13104411530U639";"";"";"";"EQ SWAP";"17.61000000";"";"Equity:PortfolioSwap:PriceReturnBasicPerformance:SingleName";""
"Termination";"1051_10075_U976_SWAPONE_SWAPSWAPONEEQSWP";"1051_10075_U976_SWAPONE_SWAP";"BDSD";"LONDON BRANCH";"SSAL13";"2026-02-11";"2026-11-03";"2026-11-03";"690977.64527";"";"mxContractEventIUNWIND";"Unwind";"dead";"5493006QMFDDMYWIAM13105110075U976";"";"";"";"EQ SWAP";"59.54137400";"";"Equity:PortfolioSwap:PriceReturnBasicPerformance:SingleName";""
"Termination";"1041_10064_U514_SWAPONE_SWAPSWAPONEEQSWP";"1041_10064_U514_SWAPONE_SWAP";"BDSD";"LONDON BRANCH";"00FLOO";"2025-10-15";"2026-01-01";"2026-01-01";"416070.0";"";"mxContractEventIUNWIND";"Unwind";"dead";"5493006QMFDDMYWIAM13104110064U514";"";"";"";"EQ SWAP";"30.15000000";"";"Equity:PortfolioSwap:PriceReturnBasicPerformance:SingleName";""
"Increase";"1051_10069_U1106_SWAPONE_SWAPSWAPONEEQSWP";"1051_10069_U1106_SWAPONE_SWAP";"BDSD";"LONDON BRANCH";"0087I1";"2026-04-01";"2026-11-03";"2026-11-03";"49547352";"";"mxContractEventIRESTRUCTURE";"Restructure";"live";"5493006QMFDDMYWIAM13105110069U1106";"";"5493006QMFDDMYWIAM131051_10069_U1114";"";"EQ SWAP";"82.57892000";"";"Equity:PortfolioSwap:PriceReturnBasicPerformance:SingleName";""
"Termination";"1051_10042_U874_SWAPONE_SWAPSWAPONEEQSWP";"1051_10042_U874_SWAPONE_SWAP";"BDSD";"LONDON BRANCH";"SSAL13";"2026-01-22";"2026-11-03";"2026-11-03";"29547.0";"";"mxContractEventIUNWIND";"Unwind";"dead";"5493006QMFDDMYWIAM13105110042U874";"";"";"";"EQ SWAP";"59.09400000";"";"Equity:PortfolioSwap:PriceReturnBasicPerformance:SingleName";""
"Termination";"1051_10765_U1116_SWAPONE_SWAPSWAPONEEQSWP";"1051_10765_U1116_SWAPONE_SWAP";"BDSD";"LONDON BRANCH";"00YRB9";"2026-04-02";"2026-11-03";"2026-11-03";"1149000.0";"";"mxContractEventIUNWIND";"Unwind";"dead";"5493006QMFDDMYWIAM13105110765U1116";"";"5493006QMFDDMYWIAM131051_10765_U1118";"";"EQ SWAP";"3.83000000";"";"Equity:PortfolioSwap:PriceReturnBasicPerformance:SingleName";""
"Termination";"1051_10058_U1077_SWAPONE_SWAPSWAPONEEQSWP";"1051_10058_U1077_SWAPONE_SWAP";"BDSD";"LONDON BRANCH";"SSAL13";"2026-03-16";"2026-11-03";"2026-11-03";"2089710.0";"";"mxContractEventIUNWIND";"Unwind";"dead";"5493006QMFDDMYWIAM13105110058U1077";"";"";"";"EQ SWAP";"11.94120000";"";"Equity:PortfolioSwap:PriceReturnBasicPerformance:SingleName";""
"Termination";"1051_16607_U1175_SWAPONE_SWAPSWAPONEEQSWP";"1051_16607_U1175_SWAPONE_SWAP";"BDSD";"LONDON BRANCH";"SSAL13";"2026-04-13";"2026-11-03";"2026-11-03";"44932000";"";"mxContractEventICANCEL";"Cancel";"dead";"5493006QMFDDMYWIAM13105116607U1175";"";"";"";"EQ SWAP";"112.33000000";"";"Equity:PortfolioSwap:PriceReturnBasicPerformance:SingleName";""
"Correction";"1041_10006_U516_SWAPONE_SWAPSWAPONEEQSWP";"1041_10006_U516_SWAPONE_SWAP";"BDSD";"LONDON BRANCH";"00FLOO";"2026-02-24";"2027-01-04";"2027-01-04";"12719700";"";"mxContractEventIRESTRUCTURE";"Restructure";"live";"5493006QMFDDMYWIAM13104110006U516";"";"";"";"EQ SWAP";"5.00000000";"";"Equity:PortfolioSwap:PriceReturnBasicPerformance:SingleName";""
"Termination";"1041_16501_U732_SWAPONE_SWAPSWAPONEEQSWP";"1041_16501_U732_SWAPONE_SWAP";"BDSD";"LONDON BRANCH";"00FLOO";"2026-02-13";"2027-01-04";"2027-01-04";"265102.0";"";"mxContractEventIUNWIND";"Unwind";"dead";"5493006QMFDDMYWIAM13104116501U732";"";"";"";"EQ SWAP";"41.50000000";"";"Equity:PortfolioSwap:PriceReturnBasicPerformance:SingleName";""
"Termination";"1051_11183_U1189_SWAPONE_SWAPSWAPONEEQSWP";"1051_11183_U1189_SWAPONE_SWAP";"BDSD";"LONDON BRANCH";"SSAL13";"2026-04-16";"2026-11-03";"2026-11-03";"12362004";"";"mxContractEventIUNWIND";"Unwind";"dead";"5493006QMFDDMYWIAM13105111183U1189";"";"";"";"EQ SWAP";"15.66000000";"";"Equity:PortfolioSwap:PriceReturnBasicPerformance:SingleName";""
"Termination";"1016_16207_U676_SWAPONE_SWAPSWAPONEEQSWP";"1016_16207_U676_SWAPONE_SWAP";"BDSD";"LONDON BRANCH";"FPFL12";"2026-01-13";"2026-01-20";"2026-01-20";"982.4";"";"mxContractEventIUNWIND";"Unwind";"dead";"5493006QMFDDMYWIAM13101616207U676";"";"";"";"EQ SWAP";"49.12000000";"";"Equity:PortfolioSwap:PriceReturnBasicPerformance:SingleName";""
"Termination";"1044_10075_U958_SWAPONE_SWAPSWAPONEEQSWP";"1044_10075_U958_SWAPONE_SWAP";"BDSD";"LONDON BRANCH";"TZY1";"2026-02-05";"2026-08-05";"2026-08-05";"16387200";"";"mxContractEventIUNWIND";"Unwind";"dead";"5493006QMFDDMYWIAM13104410075U958";"";"";"";"EQ SWAP";"56.90000000";"";"Equity:PortfolioSwap:PriceReturnBasicPerformance:SingleName";""
"Termination";"1071_10308_U963_SWAPONE_SWAPSWAPONEEQSWP";"1071_10308_U963_SWAPONE_SWAP";"BDSD";"LONDON BRANCH";"FFASL1";"2026-02-09";"2027-02-02";"2027-02-02";"56460.9981";"";"mxContractEventIUNWIND";"Unwind";"dead";"5493006QMFDDMYWIAM13107110308U963";"";"";"";"EQ SWAP";"14.47717900";"";"Equity:PortfolioSwap:PriceReturnBasicPerformance:SingleName";""
"Termination";"1071_10042_U1128_SWAPONE_SWAPSWAPONEEQSWP";"1071_10042_U1128_SWAPONE_SWAP";"BDSD";"LONDON BRANCH";"FFASL1";"2026-04-08";"2027-02-02";"2027-02-02";"99648.0";"";"mxContractEventIUNWIND";"Unwind";"dead";"5493006QMFDDMYWIAM13107110042U1128";"";"";"";"EQ SWAP";"62.28000000";"";"Equity:PortfolioSwap:PriceReturnBasicPerformance:SingleName";""
"Termination";"1030_10007_U369_SWAPONE_SWAPSWAPONEEQSWP";"1030_10007_U369_SWAPONE_SWAP";"BDSD";"LONDON BRANCH";"FFASL1";"2025-05-30";"2026-02-03";"2026-02-03";"92771.9975";"";"mxContractEventIUNWIND";"Unwind";"dead";"5493006QMFDDMYWIAM13103010007U369";"";"";"";"EQ SWAP";"14.27261500";"";"Equity:PortfolioSwap:PriceReturnBasicPerformance:SingleName";""
"Decrease";"1071_10042_U1040_SWAPONE_SWAPSWAPONEEQSWP";"1071_10042_U1040_SWAPONE_SWAP";"BDSD";"LONDON BRANCH";"FFASL1";"2026-03-05";"2027-02-02";"2027-02-02";"103338.0";"";"mxContractEventIUNWIND";"Unwind";"dead";"5493006QMFDDMYWIAM13107110042U1040";"";"";"";"EQ SWAP";"57.41000000";"";"Equity:PortfolioSwap:PriceReturnBasicPerformance:SingleName";""
"Termination";"1070_10309_U1202_SWAPONE_SWAPSWAPONEEQSWP";"1070_10309_U1202_SWAPONE_SWAP";"BDSD";"LONDON BRANCH";"FPFL12";"2026-04-20";"2027-02-02";"2027-02-02";"770464.0";"";"mxContractEventIUNWIND";"Unwind";"dead";"5493006QMFDDMYWIAM13107010309U1202";"";"";"";"EQ SWAP";"15.40928000";"";"Equity:PortfolioSwap:PriceReturnBasicPerformance:SingleName";""
"Termination";"1030_10055_U659_SWAPONE_SWAPSWAPONEEQSWP";"1030_10055_U659_SWAPONE_SWAP";"BDSD";"LONDON BRANCH";"FFASL1";"2025-12-19";"2026-02-03";"2026-02-03";"24900.0";"";"mxContractEventIUNWIND";"Unwind";"dead";"5493006QMFDDMYWIAM13103010055U659";"";"";"";"EQ SWAP";"41.50000000";"";"Equity:PortfolioSwap:PriceReturnBasicPerformance:SingleName";""
"Termination";"1044_10022_U549_SWAPONE_SWAPSWAPONEEQSWP";"1044_10022_U549_SWAPONE_SWAP";"BDSD";"LONDON BRANCH";"007Y6R";"2026-02-06";"2026-08-05";"2026-08-05";"1384558.0519994143";"";"mxContractEventIUNWIND";"Unwind";"dead";"5493006QMFDDMYWIAM13104410022U549";"";"5493006QMFDDMYWIAM131044_10022_U959";"";"EQ SWAP";"47.57277529";"";"Equity:PortfolioSwap:PriceReturnBasicPerformance:SingleName";""
"Termination";"1044_16207_U683_SWAPONE_SWAPSWAPONEEQSWP";"1044_16207_U683_SWAPONE_SWAP";"BDSD";"LONDON BRANCH";"TZY1";"2025-12-26";"2026-08-05";"2026-08-05";"14810905.7736";"";"mxContractEventIUNWIND";"Unwind";"dead";"5493006QMFDDMYWIAM13104416207U683";"";"";"";"EQ SWAP";"48.99990000";"";"Equity:PortfolioSwap:PriceReturnBasicPerformance:SingleName";""
"Termination";"1051_10022_U631_SWAPONE_SWAPSWAPONEEQSWP";"1051_10022_U631_SWAPONE_SWAP";"BDSD";"LONDON BRANCH";"0087I1";"2025-12-22";"2026-11-03";"2026-11-03";"2739341.00000036";"";"mxContractEventIUNWIND";"Unwind";"dead";"5493006QMFDDMYWIAM13105110022U631";"";"5493006QMFDDMYWIAM131051_10022_U670";"";"EQ SWAP";"47.72371080";"";"Equity:PortfolioSwap:PriceReturnBasicPerformance:SingleName";""
"";"1030_10401_U786_SWAPONE_SWAPSWAPONEEQSWP";"1030_10401_U786_SWAPONE_SWAP";"BDSD";"LONDON BRANCH";"00Y7RA";"2026-01-30";"2027-01-05";"2027-01-05";"0.0";"";"mxContractEventIUNWIND";"Unwind";"dead";"5493006QMFDDMYWIAM13103010401U786";"";"";"";"EQ SWAP";"0";"";"Equity:PortfolioSwap:PriceReturnBasicPerformance:SingleName";""
"Termination";"1041_10011_U257_SWAPONE_SWAPSWAPONEEQSWP";"1041_10011_U257_SWAPONE_SWAP";"BDSD";"LONDON BRANCH";"00FLOO";"2025-08-29";"2026-01-01";"2026-01-01";"24196518.07999";"";"mxContractEventIUNWIND";"Unwind";"dead";"5493006QMFDDMYWIAM13104110011U257";"";"";"";"EQ SWAP";"39.02664206";"";"Equity:PortfolioSwap:PriceReturnBasicPerformance:SingleName";""
"Termination";"1045_14925_U542_SWAPONE_SWAPSWAPONEEQSWP";"1045_14925_U542_SWAPONE_SWAP";"BDSD";"LONDON BRANCH";"00FLOO";"2025-12-03";"2026-04-16";"2026-04-16";"14816.0";"";"mxContractEventIUNWIND";"Unwind";"dead";"5493006QMFDDMYWIAM13104514925U542";"";"";"";"EQ SWAP";"148.16000000";"";"Equity:PortfolioSwap:PriceReturnBasicPerformance:SingleName";""
"Termination";"1041_11687_U247_SWAPONE_SWAPSWAPONEEQSWP";"1041_11687_U247_SWAPONE_SWAP";"BDSD";"LONDON BRANCH";"00FLOO";"2025-08-29";"2026-01-01";"2026-01-01";"56418798.00000196";"";"mxContractEventIUNWIND";"Unwind";"dead";"5493006QMFDDMYWIAM13104111687U247";"";"";"";"EQ SWAP";"8.96276260";"";"Equity:PortfolioSwap:PriceReturnBasicPerformance:SingleName";""
"Decrease";"1051_10081_U867_SWAPONE_SWAPSWAPONEEQSWP";"1051_10081_U867_SWAPONE_SWAP";"BDSD";"LONDON BRANCH";"00YRB9";"2026-04-09";"2026-11-03";"2026-11-03";"158469.52";"";"mxContractEventIRESTRUCTURE";"Restructure";"live";"5493006QMFDDMYWIAM13105110081U867";"";"5493006QMFDDMYWIAM131051_10081_U1140";"";"EQ SWAP";"48.67000000";"";"Equity:PortfolioSwap:PriceReturnBasicPerformance:SingleName";""
"Termination";"1051_10081_U877_SWAPONE_SWAPSWAPONEEQSWP";"1051_10081_U877_SWAPONE_SWAP";"BDSD";"LONDON BRANCH";"SSAL13";"2026-01-22";"2026-11-03";"2026-11-03";"786986.001";"";"mxContractEventIUNWIND";"Unwind";"dead";"5493006QMFDDMYWIAM13105110081U877";"";"";"";"EQ SWAP";"33.48876600";"";"Equity:PortfolioSwap:PriceReturnBasicPerformance:SingleName";""
"Termination";"1016_11687_U391_SWAPONE_SWAPSWAPONEEQSWP";"1016_11687_U391_SWAPONE_SWAP";"BDSD";"LONDON BRANCH";"FPFL12";"2025-06-02";"2026-01-20";"2026-01-20";"4126.32000198";"";"mxContractEventIUNWIND";"Unwind";"dead";"5493006QMFDDMYWIAM13101611687U391";"";"";"";"EQ SWAP";"7.50240000";"";"Equity:PortfolioSwap:PriceReturnBasicPerformance:SingleName";""
"Termination";"1051_10027_U1092_SWAPONE_SWAPSWAPONEEQSWP";"1051_10027_U1092_SWAPONE_SWAP";"BDSD";"LONDON BRANCH";"SSAL13";"2026-03-20";"2026-11-03";"2026-11-03";"209813.9986";"";"mxContractEventIUNWIND";"Unwind";"dead";"5493006QMFDDMYWIAM13105110027U1092";"";"";"";"EQ SWAP";"51.17414600";"";"Equity:PortfolioSwap:PriceReturnBasicPerformance:SingleName";""
"Termination";"1051_16503_U1171_SWAPONE_SWAPSWAPONEEQSWP";"1051_16503_U1171_SWAPONE_SWAP";"BDSD";"LONDON BRANCH";"SSAL13";"2026-04-13";"2026-11-03";"2026-11-03";"4091889.0474";"";"mxContractEventIUNWIND";"Unwind";"dead";"5493006QMFDDMYWIAM13105116503U1171";"";"";"";"EQ SWAP";"24.96576600";"";"Equity:PortfolioSwap:PriceReturnBasicPerformance:SingleName";""
"Termination";"1071_10401_U1211_SWAPONE_SWAPSWAPONEEQSWP";"1071_10401_U1211_SWAPONE_SWAP";"BDSD";"LONDON BRANCH";"FFASL1";"2026-04-23";"2027-02-02";"2027-02-02";"150375.9966";"";"mxContractEventIUNWIND";"Unwind";"dead";"5493006QMFDDMYWIAM13107110401U1211";"";"";"";"EQ SWAP";"17.48558100";"";"Equity:PortfolioSwap:PriceReturnBasicPerformance:SingleName";""
"Termination";"1016_10005_U399_SWAPONE_SWAPSWAPONEEQSWP";"1016_10005_U399_SWAPONE_SWAP";"BDSD";"LONDON BRANCH";"FPFL12";"2025-06-17";"2026-01-20";"2026-01-20";"999980.0";"";"mxContractEventIUNWIND";"Unwind";"dead";"5493006QMFDDMYWIAM13101610005U399";"";"";"";"EQ SWAP";"24.99950000";"";"Equity:PortfolioSwap:PriceReturnBasicPerformance:SingleName";""
"Termination";"1016_10010_U398_SWAPONE_SWAPSWAPONEEQSWP";"1016_10010_U398_SWAPONE_SWAP";"BDSD";"LONDON BRANCH";"FPFL12";"2025-06-09";"2026-01-20";"2026-01-20";"7296186.99999224";"";"mxContractEventIUNWIND";"Unwind";"dead";"5493006QMFDDMYWIAM13101610010U398";"";"";"";"EQ SWAP";"38.89225480";"";"Equity:PortfolioSwap:PriceReturnBasicPerformance:SingleName";""
"Termination";"1063_14901_U869_SWAPONE_SWAPSWAPONEEQSWP";"1063_14901_U869_SWAPONE_SWAP";"BDSD";"LONDON BRANCH";"00ZICB";"2026-01-21";"2026-11-13";"2026-11-13";"2507175.99";"";"mxContractEventIUNWIND";"Unwind";"dead";"5493006QMFDDMYWIAM13106314901U869";"";"5493006QMFDDMYWIAM131063_14901_U861";"";"EQ SWAP";"179.61000000";"";"Equity:PortfolioSwap:PriceReturnBasicPerformance:SingleName";""
"Termination";"1030_10075_U299_SWAPONE_SWAPSWAPONEEQSWP";"1030_10075_U299_SWAPONE_SWAP";"BDSD";"LONDON BRANCH";"00Y7RD";"2025-05-30";"2026-02-03";"2026-02-03";"87570.0";"";"mxContractEventIUNWIND";"Unwind";"dead";"5493006QMFDDMYWIAM13103010075U299";"";"5493006QMFDDMYWIAM131030_10075_U373";"";"EQ SWAP";"43.78500000";"";"Equity:PortfolioSwap:PriceReturnBasicPerformance:SingleName";""
"Termination";"1051_13501_U668_SWAPONE_SWAPSWAPONEEQSWP";"1051_13501_U668_SWAPONE_SWAP";"BDSD";"LONDON BRANCH";"SSAL13";"2025-12-22";"2026-11-03";"2026-11-03";"5134840.0";"";"mxContractEventICANCEL";"Cancel";"dead";"5493006QMFDDMYWIAM13105113501U668";"";"";"";"EQ SWAP";"12.71000000";"";"Equity:PortfolioSwap:PriceReturnBasicPerformance:SingleName";""
"Allocation";"1063_14906_U1160_SWAPONE_SWAPSWAPONEEQSWP";"1063_14906_U1160_SWAPONE_SWAP";"BDSD";"LONDON BRANCH";"00ZICG";"2026-04-10";"2026-11-13";"2026-11-13";"83784493.904768";"";"Insert";"Insert";"live";"5493006QMFDDMYWIAM13106314906U1160";"";"5493006QMFDDMYWIAM131063_14906_U1154";"";"EQ SWAP";"352.71147200";"";"Equity:PortfolioSwap:PriceReturnBasicPerformance:SingleName";""
"Termination";"1051_13501_U942_SWAPONE_SWAPSWAPONEEQSWP";"1051_13501_U942_SWAPONE_SWAP";"BDSD";"LONDON BRANCH";"SSAL13";"2026-02-03";"2026-11-03";"2026-11-03";"3385000.0";"";"mxContractEventIUNWIND";"Unwind";"dead";"5493006QMFDDMYWIAM13105113501U942";"";"";"";"EQ SWAP";"13.54000000";"";"Equity:PortfolioSwap:PriceReturnBasicPerformance:SingleName";""
"Termination";"1016_10052_U646_SWAPONE_SWAPSWAPONEEQSWP";"1016_10052_U646_SWAPONE_SWAP";"BDSD";"LONDON BRANCH";"FPFL12";"2026-01-13";"2026-01-20";"2026-01-20";"1213319.01";"";"mxContractEventIUNWIND";"Unwind";"dead";"5493006QMFDDMYWIAM13101610052U646";"";"";"";"EQ SWAP";"40.44396700";"";"Equity:PortfolioSwap:PriceReturnBasicPerformance:SingleName";""
"Termination";"1063_14901_U870_SWAPONE_SWAPSWAPONEEQSWP";"1063_14901_U870_SWAPONE_SWAP";"BDSD";"LONDON BRANCH";"00ZICD";"2026-01-21";"2026-11-13";"2026-11-13";"23689840.56";"";"mxContractEventIUNWIND";"Unwind";"dead";"5493006QMFDDMYWIAM13106314901U870";"";"5493006QMFDDMYWIAM131063_14901_U861";"";"EQ SWAP";"179.61000000";"";"Equity:PortfolioSwap:PriceReturnBasicPerformance:SingleName";""
"Termination";"1053_10011_U844_SWAPONE_SWAPSWAPONEEQSWP";"1053_10011_U844_SWAPONE_SWAP";"BDSD";"LONDON BRANCH";"FPFL12";"2026-01-16";"2026-07-08";"2026-07-08";"1989156.0192";"";"mxContractEventIUNWIND";"Unwind";"dead";"5493006QMFDDMYWIAM13105310011U844";"";"";"";"EQ SWAP";"44.40080400";"";"Equity:PortfolioSwap:PriceReturnBasicPerformance:SingleName";""
"Termination";"1070_10052_U1080_SWAPONE_SWAPSWAPONEEQSWP";"1070_10052_U1080_SWAPONE_SWAP";"BDSD";"LONDON BRANCH";"FPFL12";"2026-03-18";"2027-02-02";"2027-02-02";"1587724.008";"";"mxContractEventIUNWIND";"Unwind";"dead";"5493006QMFDDMYWIAM13107010052U1080";"";"";"";"EQ SWAP";"40.71087200";"";"Equity:PortfolioSwap:PriceReturnBasicPerformance:SingleName";""
"Insert";"1061_11484_U541_SWAPONE_SWAPSWAPONEEQSWP";"1061_11484_U541_SWAPONE_SWAP";"BDSD";"LONDON BRANCH";"00WI4X";"2025-10-13";"2026-10-14";"2026-10-14";"58185918";"";"Insert";"Insert";"live";"5493006QMFDDMYWIAM13106111484U541";"";"";"";"EQ SWAP";"26.09000000";"";"Equity:PortfolioSwap:PriceReturnBasicPerformance:SingleName";""
"Termination";"1044_10038_U543_SWAPONE_SWAPSWAPONEEQSWP";"1044_10038_U543_SWAPONE_SWAP";"BDSD";"LONDON BRANCH";"TZY1";"2025-10-14";"2026-08-05";"2026-08-05";"1836366.4";"";"mxContractEventIUNWIND";"Unwind";"dead";"5493006QMFDDMYWIAM13104410038U543";"";"";"";"EQ SWAP";"32.96000000";"";"Equity:PortfolioSwap:PriceReturnBasicPerformance:SingleName";""
"Termination";"1041_10068_U523_SWAPONE_SWAPSWAPONEEQSWP";"1041_10068_U523_SWAPONE_SWAP";"BDSD";"LONDON BRANCH";"00FLOO";"2025-12-01";"2026-01-01";"2026-01-01";"0.0";"";"mxContractEventIUNWIND";"Unwind";"dead";"5493006QMFDDMYWIAM13104110068U523";"";"";"";"EQ SWAP";"0";"";"Equity:PortfolioSwap:PriceReturnBasicPerformance:SingleName";""
"Allocation";"1051_10015_U984_SWAPONE_SWAPSWAPONEEQSWP";"1051_10015_U984_SWAPONE_SWAP";"BDSD";"LONDON BRANCH";"0087I1";"2026-02-12";"2026-11-03";"2026-11-03";"48780.0";"";"Insert";"Insert";"live";"5493006QMFDDMYWIAM13105110015U984";"";"5493006QMFDDMYWIAM131051_10015_U982";"";"EQ SWAP";"48.78000000";"";"Equity:PortfolioSwap:PriceReturnBasicPerformance:SingleName";""
"Termination";"1071_10042_U1214_SWAPONE_SWAPSWAPONEEQSWP";"1071_10042_U1214_SWAPONE_SWAP";"BDSD";"LONDON BRANCH";"FFASL1";"2026-04-23";"2027-02-02";"2027-02-02";"55026.0";"";"mxContractEventIUNWIND";"Unwind";"dead";"5493006QMFDDMYWIAM13107110042U1214";"";"";"";"EQ SWAP";"61.14000000";"";"Equity:PortfolioSwap:PriceReturnBasicPerformance:SingleName";""
"Termination";"1016_10062_U544_SWAPONE_SWAPSWAPONEEQSWP";"1016_10062_U544_SWAPONE_SWAP";"BDSD";"LONDON BRANCH";"FPFL12";"2025-11-14";"2026-01-20";"2026-01-20";"905035.0";"";"mxContractEventIUNWIND";"Unwind";"dead";"5493006QMFDDMYWIAM13101610062U544";"";"";"";"EQ SWAP";"18.10070000";"";"Equity:PortfolioSwap:PriceReturnBasicPerformance:SingleName";""
"Termination";"1041_11312_U985_SWAPONE_SWAPSWAPONEEQSWP";"1041_11312_U985_SWAPONE_SWAP";"BDSD";"LONDON BRANCH";"00FLOO";"2026-02-18";"2027-01-04";"2027-01-04";"3537360.0";"";"mxContractEventIUNWIND";"Unwind";"dead";"5493006QMFDDMYWIAM13104111312U985";"";"";"";"EQ SWAP";"20.40000000";"";"Equity:PortfolioSwap:PriceReturnBasicPerformance:SingleName";""
"Termination";"1051_10022_U675_SWAPONE_SWAPSWAPONEEQSWP";"1051_10022_U675_SWAPONE_SWAP";"BDSD";"LONDON BRANCH";"0087I1";"2026-01-05";"2026-11-03";"2026-11-03";"1430692.873";"";"mxContractEventIUNWIND";"Unwind";"dead";"5493006QMFDDMYWIAM13105110022U675";"";"5493006QMFDDMYWIAM131051_10022_U800";"";"EQ SWAP";"46.15138300";"";"Equity:PortfolioSwap:PriceReturnBasicPerformance:SingleName";""
"Termination";"1051_13501_U948_SWAPONE_SWAPSWAPONEEQSWP";"1051_13501_U948_SWAPONE_SWAP";"BDSD";"LONDON BRANCH";"00YRB9";"2026-03-16";"2026-11-03";"2026-11-03";"2709904.0";"";"mxContractEventIUNWIND";"Unwind";"dead";"5493006QMFDDMYWIAM13105113501U948";"";"5493006QMFDDMYWIAM131051_13501_U1073";"";"EQ SWAP";"13.54952000";"";"Equity:PortfolioSwap:PriceReturnBasicPerformance:SingleName";""
"Termination";"1051_10039_U669_SWAPONE_SWAPSWAPONEEQSWP";"1051_10039_U669_SWAPONE_SWAP";"BDSD";"LONDON BRANCH";"SSAL13";"2025-12-22";"2026-11-03";"2026-11-03";"2726163.0";"";"mxContractEventIUNWIND";"Unwind";"dead";"5493006QMFDDMYWIAM13105110039U669";"";"";"";"EQ SWAP";"135.63000000";"";"Equity:PortfolioSwap:PriceReturnBasicPerformance:SingleName";""
"Termination";"1051_10765_U1148_SWAPONE_SWAPSWAPONEEQSWP";"1051_10765_U1148_SWAPONE_SWAP";"BDSD";"LONDON BRANCH";"SSAL13";"2026-04-10";"2026-11-03";"2026-11-03";"396575.0";"";"mxContractEventIUNWIND";"Unwind";"dead";"5493006QMFDDMYWIAM13105110765U1148";"";"";"";"EQ SWAP";"3.96575000";"";"Equity:PortfolioSwap:PriceReturnBasicPerformance:SingleName";""
"Termination";"1051_10027_U876_SWAPONE_SWAPSWAPONEEQSWP";"1051_10027_U876_SWAPONE_SWAP";"BDSD";"LONDON BRANCH";"SSAL13";"2026-01-22";"2026-11-03";"2026-11-03";"782638.0068";"";"mxContractEventIUNWIND";"Unwind";"dead";"5493006QMFDDMYWIAM13105110027U876";"";"";"";"EQ SWAP";"35.90082600";"";"Equity:PortfolioSwap:PriceReturnBasicPerformance:SingleName";""
"Termination";"1016_10075_U502_SWAPONE_SWAPSWAPONEEQSWP";"1016_10075_U502_SWAPONE_SWAP";"BDSD";"LONDON BRANCH";"FPFL12";"2025-10-02";"2026-01-20";"2026-01-20";"2528546.0";"";"mxContractEventIUNWIND";"Unwind";"dead";"5493006QMFDDMYWIAM13101610075U502";"";"";"";"EQ SWAP";"50.57092000";"";"Equity:PortfolioSwap:PriceReturnBasicPerformance:SingleName";""
"Termination";"1030_10401_U643_SWAPONE_SWAPSWAPONEEQSWP";"1030_10401_U643_SWAPONE_SWAP";"BDSD";"LONDON BRANCH";"FFASL1";"2025-12-15";"2026-02-03";"2026-02-03";"5007.0";"";"mxContractEventIUNWIND";"Unwind";"dead";"5493006QMFDDMYWIAM13103010401U643";"";"";"";"EQ SWAP";"16.69000000";"";"Equity:PortfolioSwap:PriceReturnBasicPerformance:SingleName";""
"Termination";"1044_10001_U1145_SWAPONE_SWAPSWAPONEEQSWP";"1044_10001_U1145_SWAPONE_SWAP";"BDSD";"LONDON BRANCH";"TZY1";"2026-04-10";"2026-08-05";"2026-08-05";"81521400";"";"mxContractEventIUNWIND";"Unwind";"dead";"5493006QMFDDMYWIAM13104410001U1145";"";"";"";"EQ SWAP";"71.51000000";"";"Equity:PortfolioSwap:PriceReturnBasicPerformance:SingleName";""
"Termination";"1070_11183_U1037_SWAPONE_SWAPSWAPONEEQSWP";"1070_11183_U1037_SWAPONE_SWAP";"BDSD";"LONDON BRANCH";"FPFL12";"2026-03-04";"2027-02-02";"2027-02-02";"1125000.0";"";"mxContractEventIUNWIND";"Unwind";"dead";"5493006QMFDDMYWIAM13107011183U1037";"";"";"";"EQ SWAP";"11.25000000";"";"Equity:PortfolioSwap:PriceReturnBasicPerformance:SingleName";""
"Termination";"1070_10038_U1133_SWAPONE_SWAPSWAPONEEQSWP";"1070_10038_U1133_SWAPONE_SWAP";"BDSD";"LONDON BRANCH";"FPFL12";"2026-04-20";"2027-02-02";"2027-02-02";"1186750.0";"";"mxContractEventIUNWIND";"Unwind";"dead";"5493006QMFDDMYWIAM13107010038U1133";"";"";"";"EQ SWAP";"11.86750000";"";"Equity:PortfolioSwap:PriceReturnBasicPerformance:SingleName";""
"Termination";"1051_16607_U1176_SWAPONE_SWAPSWAPONEEQSWP";"1051_16607_U1176_SWAPONE_SWAP";"BDSD";"LONDON BRANCH";"SSAL13";"2026-04-13";"2026-11-03";"2026-11-03";"44932000";"";"mxContractEventIUNWIND";"Unwind";"dead";"5493006QMFDDMYWIAM13105116607U1176";"";"";"";"EQ SWAP";"112.33000000";"";"Equity:PortfolioSwap:PriceReturnBasicPerformance:SingleName";""
"Termination";"1051_10049_U798_SWAPONE_SWAPSWAPONEEQSWP";"1051_10049_U798_SWAPONE_SWAP";"BDSD";"LONDON BRANCH";"SSAL13";"2026-01-02";"2026-11-03";"2026-11-03";"8352500.0";"";"mxContractEventIUNWIND";"Unwind";"dead";"5493006QMFDDMYWIAM13105110049U798";"";"";"";"EQ SWAP";"25.70000000";"";"Equity:PortfolioSwap:PriceReturnBasicPerformance:SingleName";""
"Termination";"1030_10022_U298_SWAPONE_SWAPSWAPONEEQSWP";"1030_10022_U298_SWAPONE_SWAP";"BDSD";"LONDON BRANCH";"00Y7RD";"2025-05-30";"2026-02-03";"2026-02-03";"101529.99999978";"";"mxContractEventIUNWIND";"Unwind";"dead";"5493006QMFDDMYWIAM13103010022U298";"";"5493006QMFDDMYWIAM131030_10022_U370";"";"EQ SWAP";"46.15000000";"";"Equity:PortfolioSwap:PriceReturnBasicPerformance:SingleName";""
"Termination";"1044_13301_U447_SWAPONE_SWAPSWAPONEEQSWP";"1044_13301_U447_SWAPONE_SWAP";"BDSD";"LONDON BRANCH";"00ZICE";"2025-12-18";"2026-08-05";"2026-08-05";"27260000.00004";"";"mxContractEventIUNWIND";"Unwind";"dead";"5493006QMFDDMYWIAM13104413301U447";"";"5493006QMFDDMYWIAM131044_13301_U657";"";"EQ SWAP";"22.71666667";"";"Equity:PortfolioSwap:PriceReturnBasicPerformance:SingleName";""
"Termination";"1016_10004_U322_SWAPONE_SWAPSWAPONEEQSWP";"1016_10004_U322_SWAPONE_SWAP";"BDSD";"LONDON BRANCH";"FPFL12";"2025-03-31";"2026-01-20";"2026-01-20";"1042393.0";"";"mxContractEventIUNWIND";"Unwind";"dead";"5493006QMFDDMYWIAM13101610004U322";"";"";"";"EQ SWAP";"10.42393000";"";"Equity:PortfolioSwap:PriceReturnBasicPerformance:SingleName";""
"Termination";"1051_10081_U1140_SWAPONE_SWAPSWAPONEEQSWP";"1051_10081_U1140_SWAPONE_SWAP";"BDSD";"LONDON BRANCH";"SSAL13";"2026-04-09";"2026-11-03";"2026-11-03";"21388554.9";"";"mxContractEventIUNWIND";"Unwind";"dead";"5493006QMFDDMYWIAM13105110081U1140";"";"";"";"EQ SWAP";"47.53012200";"";"Equity:PortfolioSwap:PriceReturnBasicPerformance:SingleName";""
"Termination";"1051_10011_U916_SWAPONE_SWAPSWAPONEEQSWP";"1051_10011_U916_SWAPONE_SWAP";"BDSD";"LONDON BRANCH";"SSAL13";"2026-01-28";"2026-11-03";"2026-11-03";"1245577.0";"";"mxContractEventIUNWIND";"Unwind";"dead";"5493006QMFDDMYWIAM13105110011U916";"";"";"";"EQ SWAP";"49.82308000";"";"Equity:PortfolioSwap:PriceReturnBasicPerformance:SingleName";""
"Amendment";"1063_14918_U883_SWAPONE_SWAPSWAPONEEQSWP";"1063_14918_U883_SWAPONE_SWAP";"BDSD";"LONDON BRANCH";"00ZICG";"2026-04-09";"2026-11-13";"2026-11-13";"54515245.00967252";"";"mxContractEventIRESTRUCTURE";"Restructure";"live";"5493006QMFDDMYWIAM13106314918U883";"";"5493006QMFDDMYWIAM131063_14918_U1142";"";"EQ SWAP";"83.47867067";"";"Equity:PortfolioSwap:PriceReturnBasicPerformance:SingleName";""
"Termination";"1051_10027_U956_SWAPONE_SWAPSWAPONEEQSWP";"1051_10027_U956_SWAPONE_SWAP";"BDSD";"LONDON BRANCH";"SSAL13";"2026-02-04";"2026-11-03";"2026-11-03";"753267.008";"";"mxContractEventIUNWIND";"Unwind";"dead";"5493006QMFDDMYWIAM13105110027U956";"";"";"";"EQ SWAP";"39.64563200";"";"Equity:PortfolioSwap:PriceReturnBasicPerformance:SingleName";""
"Insert";"1016_10075_U342_SWAPONE_SWAPSWAPONEEQSWP";"1016_10075_U342_SWAPONE_SWAP";"BDSD";"LONDON BRANCH";"FPFL12";"2025-05-05";"2026-01-20";"2026-01-20";"0.0";"";"Insert";"Insert";"dead";"5493006QMFDDMYWIAM13101610075U342";"";"";"";"EQ SWAP";"0";"";"Equity:PortfolioSwap:PriceReturnBasicPerformance:SingleName";""
"Termination";"1051_10022_U680_SWAPONE_SWAPSWAPONEEQSWP";"1051_10022_U680_SWAPONE_SWAP";"BDSD";"LONDON BRANCH";"SSAL13";"2025-12-23";"2026-11-03";"2026-11-03";"1314600.0";"";"mxContractEventIUNWIND";"Unwind";"dead";"5493006QMFDDMYWIAM13105110022U680";"";"";"";"EQ SWAP";"46.95000000";"";"Equity:PortfolioSwap:PriceReturnBasicPerformance:SingleName";""
"Termination";"1051_10765_U1121_SWAPONE_SWAPSWAPONEEQSWP";"1051_10765_U1121_SWAPONE_SWAP";"BDSD";"LONDON BRANCH";"00YRB9";"2026-04-08";"2026-11-03";"2026-11-03";"1439485.2";"";"mxContractEventIUNWIND";"Unwind";"dead";"5493006QMFDDMYWIAM13105110765U1121";"";"5493006QMFDDMYWIAM131051_10765_U1134";"";"EQ SWAP";"3.59871300";"";"Equity:PortfolioSwap:PriceReturnBasicPerformance:SingleName";""
"Termination";"1051_10081_U939_SWAPONE_SWAPSWAPONEEQSWP";"1051_10081_U939_SWAPONE_SWAP";"BDSD";"LONDON BRANCH";"SSAL13";"2026-02-03";"2026-11-03";"2026-11-03";"5544023.851649";"";"mxContractEventIUNWIND";"Unwind";"dead";"5493006QMFDDMYWIAM13105110081U939";"";"";"";"EQ SWAP";"37.40326300";"";"Equity:PortfolioSwap:PriceReturnBasicPerformance:SingleName";""
"Termination";"1051_10311_U698_SWAPONE_SWAPSWAPONEEQSWP";"1051_10311_U698_SWAPONE_SWAP";"BDSD";"LONDON BRANCH";"0087I1";"2026-01-02";"2026-11-03";"2026-11-03";"5641090.0";"";"mxContractEventIUNWIND";"Unwind";"dead";"5493006QMFDDMYWIAM13105110311U698";"";"5493006QMFDDMYWIAM131051_10311_U793";"";"EQ SWAP";"9.02574400";"";"Equity:PortfolioSwap:PriceReturnBasicPerformance:SingleName";""
"Termination";"1065_15221_U1021_SWAPONE_SWAPSWAPONEEQSWP";"1065_15221_U1021_SWAPONE_SWAP";"BDSD";"LONDON BRANCH";"SSAL13";"2026-02-26";"2026-12-10";"2026-12-10";"4249814.355";"";"mxContractEventIUNWIND";"Unwind";"dead";"5493006QMFDDMYWIAM13106515221U1021";"";"";"";"EQ SWAP";"283.32095700";"";"Equity:PortfolioSwap:PriceReturnBasicPerformance:SingleName";""
"Termination";"1051_10027_U612_SWAPONE_SWAPSWAPONEEQSWP";"1051_10027_U612_SWAPONE_SWAP";"BDSD";"LONDON BRANCH";"SSAL13";"2025-12-08";"2026-11-03";"2026-11-03";"5414860.0";"";"mxContractEventIUNWIND";"Unwind";"dead";"5493006QMFDDMYWIAM13105110027U612";"";"";"";"EQ SWAP";"33.22000000";"";"Equity:PortfolioSwap:PriceReturnBasicPerformance:SingleName";""
"Termination";"1044_10024_U967_SWAPONE_SWAPSWAPONEEQSWP";"1044_10024_U967_SWAPONE_SWAP";"BDSD";"LONDON BRANCH";"TZY1";"2026-02-09";"2026-08-05";"2026-08-05";"5058000.0";"";"mxContractEventIUNWIND";"Unwind";"dead";"5493006QMFDDMYWIAM13104410024U967";"";"";"";"EQ SWAP";"50.58000000";"";"Equity:PortfolioSwap:PriceReturnBasicPerformance:SingleName";""
"Termination";"1030_15603_U415_SWAPONE_SWAPSWAPONEEQSWP";"1030_15603_U415_SWAPONE_SWAP";"BDSD";"LONDON BRANCH";"FFASL1";"2025-06-13";"2026-02-03";"2026-02-03";"471582.0";"";"mxContractEventIUNWIND";"Unwind";"dead";"5493006QMFDDMYWIAM13103015603U415";"";"";"";"EQ SWAP";"76.68000000";"";"Equity:PortfolioSwap:PriceReturnBasicPerformance:SingleName";""
"Termination";"1043_10024_U484_SWAPONE_SWAPSWAPONEEQSWP";"1043_10024_U484_SWAPONE_SWAP";"BDSD";"LONDON BRANCH";"00FLOO";"2025-09-30";"2026-07-13";"2026-07-13";"25229261";"";"mxContractEventIUNWIND";"Unwind";"dead";"5493006QMFDDMYWIAM13104310024U484";"";"";"";"EQ SWAP";"35.69000000";"";"Equity:PortfolioSwap:PriceReturnBasicPerformance:SingleName";""
"Termination";"1051_10401_U799_SWAPONE_SWAPSWAPONEEQSWP";"1051_10401_U799_SWAPONE_SWAP";"BDSD";"LONDON BRANCH";"SSAL13";"2026-01-02";"2026-11-03";"2026-11-03";"2572031.25";"";"mxContractEventIUNWIND";"Unwind";"dead";"5493006QMFDDMYWIAM13105110401U799";"";"";"";"EQ SWAP";"14.75000000";"";"Equity:PortfolioSwap:PriceReturnBasicPerformance:SingleName";""
"Termination";"1016_10765_U361_SWAPONE_SWAPSWAPONEEQSWP";"1016_10765_U361_SWAPONE_SWAP";"BDSD";"LONDON BRANCH";"FPFL12";"2026-01-30";"2026-05-04";"2026-05-04";"3760.1775";"";"mxContractEventIUNWIND";"Unwind";"dead";"5493006QMFDDMYWIAM13101610765U361";"";"";"";"EQ SWAP";"4.17797500";"";"Equity:PortfolioSwap:PriceReturnBasicPerformance:SingleName";""
"Termination";"1051_10401_U686_SWAPONE_SWAPSWAPONEEQSWP";"1051_10401_U686_SWAPONE_SWAP";"BDSD";"LONDON BRANCH";"SSAL13";"2025-12-26";"2026-11-03";"2026-11-03";"1047800.0";"";"mxContractEventIUNWIND";"Unwind";"dead";"5493006QMFDDMYWIAM13105110401U686";"";"";"";"EQ SWAP";"16.12000000";"";"Equity:PortfolioSwap:PriceReturnBasicPerformance:SingleName";""
"Termination";"1016_15603_U402_SWAPONE_SWAPSWAPONEEQSWP";"1016_15603_U402_SWAPONE_SWAP";"BDSD";"LONDON BRANCH";"FPFL12";"2025-07-29";"2026-01-20";"2026-01-20";"1861398.0";"";"mxContractEventIUNWIND";"Cancel";"dead";"5493006QMFDDMYWIAM13101615603U402";"";"";"";"EQ SWAP";"78.21000000";"";"Equity:PortfolioSwap:PriceReturnBasicPerformance:SingleName";""
"Termination";"1030_10042_U285_SWAPONE_SWAPSWAPONEEQSWP";"1030_10042_U285_SWAPONE_SWAP";"BDSD";"LONDON BRANCH";"00Y7RD";"2026-01-30";"2026-02-03";"2026-02-03";"307641.00000024";"";"mxContractEventIUNWIND";"Unwind";"dead";"5493006QMFDDMYWIAM13103010042U285";"";"";"";"EQ SWAP";"53.97210526";"";"Equity:PortfolioSwap:PriceReturnBasicPerformance:SingleName";""
"Increase";"1041_10011_U1054_SWAPONE_SWAPSWAPONEEQSWP";"1041_10011_U1054_SWAPONE_SWAP";"BDSD";"LONDON BRANCH";"00FLOO";"2026-03-26";"2027-01-04";"2027-01-04";"22711828.200048";"";"mxContractEventIRESTRUCTURE";"Restructure";"live";"5493006QMFDDMYWIAM13104110011U1054";"";"";"";"EQ SWAP";"63.08841167";"";"Equity:PortfolioSwap:PriceReturnBasicPerformance:SingleName";""
"Termination";"1051_10058_U671_SWAPONE_SWAPSWAPONEEQSWP";"1051_10058_U671_SWAPONE_SWAP";"BDSD";"LONDON BRANCH";"SSAL13";"2025-12-22";"2026-11-03";"2026-11-03";"8109882.0";"";"mxContractEventIUNWIND";"Unwind";"dead";"5493006QMFDDMYWIAM13105110058U671";"";"";"";"EQ SWAP";"11.07000000";"";"Equity:PortfolioSwap:PriceReturnBasicPerformance:SingleName";""
"Termination";"1044_10075_U457_SWAPONE_SWAPSWAPONEEQSWP";"1044_10075_U457_SWAPONE_SWAP";"BDSD";"LONDON BRANCH";"TZY1";"2025-08-14";"2026-08-05";"2026-08-05";"28697500";"";"mxContractEventIUNWIND";"Unwind";"dead";"5493006QMFDDMYWIAM13104410075U457";"";"";"";"EQ SWAP";"44.15000000";"";"Equity:PortfolioSwap:PriceReturnBasicPerformance:SingleName";""
"Termination";"1044_10081_U466_SWAPONE_SWAPSWAPONEEQSWP";"1044_10081_U466_SWAPONE_SWAP";"BDSD";"LONDON BRANCH";"00ZICE";"2025-10-03";"2026-08-05";"2026-08-05";"11511615.12";"";"mxContractEventIUNWIND";"Unwind";"dead";"5493006QMFDDMYWIAM13104410081U466";"";"5493006QMFDDMYWIAM131044_10081_U527";"";"EQ SWAP";"30.29372400";"";"Equity:PortfolioSwap:PriceReturnBasicPerformance:SingleName";""
"Termination";"1051_10027_U915_SWAPONE_SWAPSWAPONEEQSWP";"1051_10027_U915_SWAPONE_SWAP";"BDSD";"LONDON BRANCH";"SSAL13";"2026-01-28";"2026-11-03";"2026-11-03";"1191222.0";"";"mxContractEventIUNWIND";"Unwind";"dead";"5493006QMFDDMYWIAM13105110027U915";"";"";"";"EQ SWAP";"39.70740000";"";"Equity:PortfolioSwap:PriceReturnBasicPerformance:SingleName";""
"Termination";"1044_13501_U790_SWAPONE_SWAPSWAPONEEQSWP";"1044_13501_U790_SWAPONE_SWAP";"BDSD";"LONDON BRANCH";"TZY1";"2026-01-02";"2026-08-05";"2026-08-05";"12140000";"";"mxContractEventIUNWIND";"Unwind";"dead";"5493006QMFDDMYWIAM13104413501U790";"";"";"";"EQ SWAP";"12.14000000";"";"Equity:PortfolioSwap:PriceReturnBasicPerformance:SingleName";""
"Termination";"1044_10022_U497_SWAPONE_SWAPSWAPONEEQSWP";"1044_10022_U497_SWAPONE_SWAP";"BDSD";"LONDON BRANCH";"TZY1";"2025-09-05";"2026-08-05";"2026-08-05";"27550870.61";"";"mxContractEventIUNWIND";"Unwind";"dead";"5493006QMFDDMYWIAM13104410022U497";"";"";"";"EQ SWAP";"50.03000000";"";"Equity:PortfolioSwap:PriceReturnBasicPerformance:SingleName";""
"Termination";"1044_10038_U533_SWAPONE_SWAPSWAPONEEQSWP";"1044_10038_U533_SWAPONE_SWAP";"BDSD";"LONDON BRANCH";"00ZICE";"2025-12-05";"2026-08-05";"2026-08-05";"7159271.550001788";"";"mxContractEventIUNWIND";"Unwind";"dead";"5493006QMFDDMYWIAM13104410038U533";"";"5493006QMFDDMYWIAM131044_10038_U604";"";"EQ SWAP";"33.65426386";"";"Equity:PortfolioSwap:PriceReturnBasicPerformance:SingleName";""
"Termination";"1051_10027_U885_SWAPONE_SWAPSWAPONEEQSWP";"1051_10027_U885_SWAPONE_SWAP";"BDSD";"LONDON BRANCH";"SSAL13";"2026-01-23";"2026-11-03";"2026-11-03";"2676263.0148";"";"mxContractEventIUNWIND";"Unwind";"dead";"5493006QMFDDMYWIAM13105110027U885";"";"";"";"EQ SWAP";"37.32584400";"";"Equity:PortfolioSwap:PriceReturnBasicPerformance:SingleName";""
"Termination";"1063_14925_U571_SWAPONE_SWAPSWAPONEEQSWP";"1063_14925_U571_SWAPONE_SWAP";"BDSD";"LONDON BRANCH";"TZY1";"2025-11-11";"2026-11-13";"2026-11-13";"5655000000";"";"mxContractEventIUNWIND";"Unwind";"dead";"5493006QMFDDMYWIAM13106314925U571";"";"";"";"EQ SWAP";"145.00000000";"";"Equity:PortfolioSwap:PriceReturnBasicPerformance:SingleName";""
"Decrease";"1051_10081_U1015_SWAPONE_SWAPSWAPONEEQSWP";"1051_10081_U1015_SWAPONE_SWAP";"BDSD";"LONDON BRANCH";"SSAL13";"2026-02-23";"2026-11-03";"2026-11-03";"5138300.242251";"";"mxContractEventIUNWIND";"Unwind";"dead";"5493006QMFDDMYWIAM13105110081U1015";"";"";"";"EQ SWAP";"39.14507700";"";"Equity:PortfolioSwap:PriceReturnBasicPerformance:SingleName";""
"Termination";"1051_10049_U697_SWAPONE_SWAPSWAPONEEQSWP";"1051_10049_U697_SWAPONE_SWAP";"BDSD";"LONDON BRANCH";"0087I1";"2026-01-02";"2026-11-03";"2026-11-03";"8207229.999995";"";"mxContractEventIUNWIND";"Unwind";"dead";"5493006QMFDDMYWIAM13105110049U697";"";"5493006QMFDDMYWIAM131051_10049_U798";"";"EQ SWAP";"25.25301538";"";"Equity:PortfolioSwap:PriceReturnBasicPerformance:SingleName";""
"Termination";"1016_15308_U380_SWAPONE_SWAPSWAPONEEQSWP";"1016_15308_U380_SWAPONE_SWAP";"BDSD";"LONDON BRANCH";"FPFL12";"2025-06-02";"2026-01-20";"2026-01-20";"1019450.025";"";"mxContractEventIUNWIND";"Unwind";"dead";"5493006QMFDDMYWIAM13101615308U380";"";"";"";"EQ SWAP";"13.59266700";"";"Equity:PortfolioSwap:PriceReturnBasicPerformance:SingleName";""
"Termination";"1044_10001_U1204_SWAPONE_SWAPSWAPONEEQSWP";"1044_10001_U1204_SWAPONE_SWAP";"BDSD";"LONDON BRANCH";"TZY1";"2026-04-17";"2026-08-05";"2026-08-05";"37783800";"";"mxContractEventIUNWIND";"Unwind";"dead";"5493006QMFDDMYWIAM13104410001U1204";"";"";"";"EQ SWAP";"69.97000000";"";"Equity:PortfolioSwap:PriceReturnBasicPerformance:SingleName";""
"Termination";"1065_16301_U618_SWAPONE_SWAPSWAPONEEQSWP";"1065_16301_U618_SWAPONE_SWAP";"BDSD";"LONDON BRANCH";"SSAL13";"2025-12-08";"2026-12-10";"2026-12-10";"2840000.0";"";"mxContractEventIUNWIND";"Unwind";"dead";"5493006QMFDDMYWIAM13106516301U618";"";"";"";"EQ SWAP";"2.84000000";"";"Equity:PortfolioSwap:PriceReturnBasicPerformance:SingleName";""
"Termination";"1053_10872_U846_SWAPONE_SWAPSWAPONEEQSWP";"1053_10872_U846_SWAPONE_SWAP";"BDSD";"LONDON BRANCH";"FPFL12";"2026-01-16";"2026-07-08";"2026-07-08";"359880.9747";"";"mxContractEventIUNWIND";"Unwind";"dead";"5493006QMFDDMYWIAM13105310872U846";"";"";"";"EQ SWAP";"4.01205100";"";"Equity:PortfolioSwap:PriceReturnBasicPerformance:SingleName";""
"Termination";"1071_10021_U1185_SWAPONE_SWAPSWAPONEEQSWP";"1071_10021_U1185_SWAPONE_SWAP";"BDSD";"LONDON BRANCH";"FFASL1";"2026-04-15";"2027-02-02";"2027-02-02";"17748.0";"";"mxContractEventIUNWIND";"Unwind";"dead";"5493006QMFDDMYWIAM13107110021U1185";"";"";"";"EQ SWAP";"19.72000000";"";"Equity:PortfolioSwap:PriceReturnBasicPerformance:SingleName";""
"Termination";"1041_13501_U363_SWAPONE_SWAPSWAPONEEQSWP";"1041_13501_U363_SWAPONE_SWAP";"BDSD";"LONDON BRANCH";"00FLOO";"2025-08-29";"2026-01-01";"2026-01-01";"64616222";"";"mxContractEventIUNWIND";"Cancel";"dead";"5493006QMFDDMYWIAM13104113501U363";"";"";"";"EQ SWAP";"11.66000000";"";"Equity:PortfolioSwap:PriceReturnBasicPerformance:SingleName";""
"Termination";"1071_10303_U965_SWAPONE_SWAPSWAPONEEQSWP";"1071_10303_U965_SWAPONE_SWAP";"BDSD";"LONDON BRANCH";"FFASL1";"2026-02-09";"2027-02-02";"2027-02-02";"19783.0";"";"mxContractEventIUNWIND";"Unwind";"dead";"5493006QMFDDMYWIAM13107110303U965";"";"";"";"EQ SWAP";"24.72875000";"";"Equity:PortfolioSwap:PriceReturnBasicPerformance:SingleName";""
"Termination";"1030_10401_U802_SWAPONE_SWAPSWAPONEEQSWP";"1030_10401_U802_SWAPONE_SWAP";"BDSD";"LONDON BRANCH";"FFASL1";"2026-01-05";"2026-02-03";"2026-02-03";"219702.0";"";"mxContractEventIUNWIND";"Unwind";"dead";"5493006QMFDDMYWIAM13103010401U802";"";"";"";"EQ SWAP";"14.64680000";"";"Equity:PortfolioSwap:PriceReturnBasicPerformance:SingleName";""
"Termination";"1051_10027_U1088_SWAPONE_SWAPSWAPONEEQSWP";"1051_10027_U1088_SWAPONE_SWAP";"BDSD";"LONDON BRANCH";"SSAL13";"2026-03-19";"2026-11-03";"2026-11-03";"5286376.998";"";"mxContractEventIUNWIND";"Unwind";"dead";"5493006QMFDDMYWIAM13105110027U1088";"";"";"";"EQ SWAP";"52.08253200";"";"Equity:PortfolioSwap:PriceReturnBasicPerformance:SingleName";""
"Termination";"1016_10872_U545_SWAPONE_SWAPSWAPONEEQSWP";"1016_10872_U545_SWAPONE_SWAP";"BDSD";"LONDON BRANCH";"FPFL12";"2026-01-16";"2026-05-04";"2026-05-04";"296907.0";"";"mxContractEventIUNWIND";"Unwind";"dead";"5493006QMFDDMYWIAM13101610872U545";"";"5493006QMFDDMYWIAM131016_10872_U853";"";"EQ SWAP";"3.31000000";"";"Equity:PortfolioSwap:PriceReturnBasicPerformance:SingleName";""
"Amendment";"1051_11017_U955_SWAPONE_SWAPSWAPONEEQSWP";"1051_11017_U955_SWAPONE_SWAP";"BDSD";"LONDON BRANCH";"00YRB9";"2026-04-10";"2026-11-03";"2026-11-03";"2712060.0";"";"mxContractEventIRESTRUCTURE";"Restructure";"live";"5493006QMFDDMYWIAM13105111017U955";"";"5493006QMFDDMYWIAM131051_11017_U1153";"";"EQ SWAP";"71.37000000";"";"Equity:PortfolioSwap:PriceReturnBasicPerformance:SingleName";""
"Termination";"1043_10068_U485_SWAPONE_SWAPSWAPONEEQSWP";"1043_10068_U485_SWAPONE_SWAP";"BDSD";"LONDON BRANCH";"00FLOO";"2025-09-30";"2026-07-13";"2026-07-13";"13910139";"";"mxContractEventIUNWIND";"Unwind";"dead";"5493006QMFDDMYWIAM13104310068U485";"";"";"";"EQ SWAP";"52.83000000";"";"Equity:PortfolioSwap:PriceReturnBasicPerformance:SingleName";""
"Termination";"1051_10075_U1209_SWAPONE_SWAPSWAPONEEQSWP";"1051_10075_U1209_SWAPONE_SWAP";"BDSD";"LONDON BRANCH";"SSAL13";"2026-04-20";"2026-11-03";"2026-11-03";"1949524.75784";"";"mxContractEventIUNWIND";"Unwind";"dead";"5493006QMFDDMYWIAM13105110075U1209";"";"";"";"EQ SWAP";"64.47694000";"";"Equity:PortfolioSwap:PriceReturnBasicPerformance:SingleName";""
"Termination";"1051_10069_U1114_SWAPONE_SWAPSWAPONEEQSWP";"1051_10069_U1114_SWAPONE_SWAP";"BDSD";"LONDON BRANCH";"SSAL13";"2026-04-01";"2026-11-03";"2026-11-03";"8307352.0";"";"mxContractEventIUNWIND";"Unwind";"dead";"5493006QMFDDMYWIAM13105110069U1114";"";"";"";"EQ SWAP";"83.07352000";"";"Equity:PortfolioSwap:PriceReturnBasicPerformance:SingleName";""
"Termination";"1053_13801_U426_SWAPONE_SWAPSWAPONEEQSWP";"1053_13801_U426_SWAPONE_SWAP";"BDSD";"LONDON BRANCH";"FPFL12";"2025-07-15";"2026-07-08";"2026-07-08";"389124.72";"";"mxContractEventIUNWIND";"Unwind";"dead";"5493006QMFDDMYWIAM13105313801U426";"";"";"";"EQ SWAP";"9.09000000";"";"Equity:PortfolioSwap:PriceReturnBasicPerformance:SingleName";""
"Termination";"1016_11484_U661_SWAPONE_SWAPSWAPONEEQSWP";"1016_11484_U661_SWAPONE_SWAP";"BDSD";"LONDON BRANCH";"FPFL12";"2026-01-30";"2026-05-04";"2026-05-04";"691940.0000025";"";"mxContractEventIUNWIND";"Unwind";"dead";"5493006QMFDDMYWIAM13101611484U661";"";"";"";"EQ SWAP";"27.67760000";"";"Equity:PortfolioSwap:PriceReturnBasicPerformance:SingleName";""
"Termination";"1044_10027_U471_SWAPONE_SWAPSWAPONEEQSWP";"1044_10027_U471_SWAPONE_SWAP";"BDSD";"LONDON BRANCH";"TZY1";"2025-08-27";"2026-08-05";"2026-08-05";"33100000";"";"mxContractEventIUNWIND";"Unwind";"dead";"5493006QMFDDMYWIAM13104410027U471";"";"";"";"EQ SWAP";"33.10000000";"";"Equity:PortfolioSwap:PriceReturnBasicPerformance:SingleName";""
"Termination";"1016_10011_U852_SWAPONE_SWAPSWAPONEEQSWP";"1016_10011_U852_SWAPONE_SWAP";"BDSD";"LONDON BRANCH";"FPFL12";"2026-01-16";"2026-05-04";"2026-05-04";"1989156.0192";"";"mxContractEventIUNWIND";"Unwind";"dead";"5493006QMFDDMYWIAM13101610011U852";"";"";"";"EQ SWAP";"44.40080400";"";"Equity:PortfolioSwap:PriceReturnBasicPerformance:SingleName";""
"Increase";"1051_10075_U980_SWAPONE_SWAPSWAPONEEQSWP";"1051_10075_U980_SWAPONE_SWAP";"BDSD";"LONDON BRANCH";"00YRB9";"2026-04-20";"2026-11-03";"2026-11-03";"94010863.5978442";"";"mxContractEventIRESTRUCTURE";"Restructure";"live";"5493006QMFDDMYWIAM13105110075U980";"";"5493006QMFDDMYWIAM131051_10075_U1209";"";"EQ SWAP";"65.06658075";"";"Equity:PortfolioSwap:PriceReturnBasicPerformance:SingleName";""
"";"1030_15308_U355_SWAPONE_SWAPSWAPONEEQSWP";"1030_15308_U355_SWAPONE_SWAP";"BDSD";"LONDON BRANCH";"00Y7RD";"2025-05-30";"2026-02-03";"2026-02-03";"78010.0";"";"mxContractEventIUNWIND";"Unwind";"dead";"5493006QMFDDMYWIAM13103015308U355";"";"5493006QMFDDMYWIAM131030_15308_U371";"";"EQ SWAP";"13.45000000";"";"Equity:PortfolioSwap:PriceReturnBasicPerformance:SingleName";""
"Termination";"1044_10027_U464_SWAPONE_SWAPSWAPONEEQSWP";"1044_10027_U464_SWAPONE_SWAP";"BDSD";"LONDON BRANCH";"TZY1";"2025-08-21";"2026-08-05";"2026-08-05";"9328755.945";"";"mxContractEventIUNWIND";"Unwind";"dead";"5493006QMFDDMYWIAM13104410027U464";"";"";"";"EQ SWAP";"32.73247700";"";"Equity:PortfolioSwap:PriceReturnBasicPerformance:SingleName";""
"Termination";"1053_11312_U847_SWAPONE_SWAPSWAPONEEQSWP";"1053_11312_U847_SWAPONE_SWAP";"BDSD";"LONDON BRANCH";"FPFL12";"2026-01-16";"2026-07-08";"2026-07-08";"2073211.0";"";"mxContractEventIUNWIND";"Unwind";"dead";"5493006QMFDDMYWIAM13105311312U847";"";"";"";"EQ SWAP";"20.73211000";"";"Equity:PortfolioSwap:PriceReturnBasicPerformance:SingleName";""
"Termination";"1055_15240_U431_SWAPONE_SWAPSWAPONEEQSWP";"1055_15240_U431_SWAPONE_SWAP";"BDSD";"LONDON BRANCH";"FPFL12";"2025-09-29";"2026-07-16";"2026-07-16";"163000.0";"";"mxContractEventIUNWIND";"Unwind";"dead";"5493006QMFDDMYWIAM13105515240U431";"";"";"";"EQ SWAP";"163.00000000";"";"Equity:PortfolioSwap:PriceReturnBasicPerformance:SingleName";""
"Termination";"1071_10055_U964_SWAPONE_SWAPSWAPONEEQSWP";"1071_10055_U964_SWAPONE_SWAP";"BDSD";"LONDON BRANCH";"FFASL1";"2026-02-09";"2027-02-02";"2027-02-02";"62695.0005";"";"mxContractEventIUNWIND";"Unwind";"dead";"5493006QMFDDMYWIAM13107110055U964";"";"";"";"EQ SWAP";"41.79666700";"";"Equity:PortfolioSwap:PriceReturnBasicPerformance:SingleName";""
"Termination";"1051_13501_U650_SWAPONE_SWAPSWAPONEEQSWP";"1051_13501_U650_SWAPONE_SWAP";"BDSD";"LONDON BRANCH";"SSAL13";"2025-12-17";"2026-11-03";"2026-11-03";"1302000.0";"";"mxContractEventIUNWIND";"Unwind";"dead";"5493006QMFDDMYWIAM13105113501U650";"";"";"";"EQ SWAP";"13.02000000";"";"Equity:PortfolioSwap:PriceReturnBasicPerformance:SingleName";""
"Termination";"1053_11484_U845_SWAPONE_SWAPSWAPONEEQSWP";"1053_11484_U845_SWAPONE_SWAP";"BDSD";"LONDON BRANCH";"FPFL12";"2026-01-16";"2026-07-08";"2026-07-08";"2247868.0";"";"mxContractEventIUNWIND";"Unwind";"dead";"5493006QMFDDMYWIAM13105311484U845";"";"";"";"EQ SWAP";"22.47868000";"";"Equity:PortfolioSwap:PriceReturnBasicPerformance:SingleName";""
"Termination";"1051_10305_U1075_SWAPONE_SWAPSWAPONEEQSWP";"1051_10305_U1075_SWAPONE_SWAP";"BDSD";"LONDON BRANCH";"SSAL13";"2026-03-16";"2026-11-03";"2026-11-03";"539800.0";"";"mxContractEventIUNWIND";"Unwind";"dead";"5493006QMFDDMYWIAM13105110305U1075";"";"";"";"EQ SWAP";"26.99000000";"";"Equity:PortfolioSwap:PriceReturnBasicPerformance:SingleName";""
"Termination";"1051_10049_U723_SWAPONE_SWAPSWAPONEEQSWP";"1051_10049_U723_SWAPONE_SWAP";"BDSD";"LONDON BRANCH";"SSAL13";"2025-12-30";"2026-11-03";"2026-11-03";"1727200.0";"";"mxContractEventIUNWIND";"Unwind";"dead";"5493006QMFDDMYWIAM13105110049U723";"";"";"";"EQ SWAP";"25.40000000";"";"Equity:PortfolioSwap:PriceReturnBasicPerformance:SingleName";""
"Decrease";"1051_11017_U1153_SWAPONE_SWAPSWAPONEEQSWP";"1051_11017_U1153_SWAPONE_SWAP";"BDSD";"LONDON BRANCH";"SSAL13";"2026-04-10";"2026-11-03";"2026-11-03";"589224.4505";"";"mxContractEventIUNWIND";"Unwind";"dead";"5493006QMFDDMYWIAM13105111017U1153";"";"";"";"EQ SWAP";"81.27233800";"";"Equity:PortfolioSwap:PriceReturnBasicPerformance:SingleName";""
"Termination";"1051_13501_U918_SWAPONE_SWAPSWAPONEEQSWP";"1051_13501_U918_SWAPONE_SWAP";"BDSD";"LONDON BRANCH";"SSAL13";"2026-01-29";"2026-11-03";"2026-11-03";"54000.0";"";"mxContractEventIUNWIND";"Unwind";"dead";"5493006QMFDDMYWIAM13105113501U918";"";"";"";"EQ SWAP";"13.50000000";"";"Equity:PortfolioSwap:PriceReturnBasicPerformance:SingleName";""
"Termination";"1016_10039_U901_SWAPONE_SWAPSWAPONEEQSWP";"1016_10039_U901_SWAPONE_SWAP";"BDSD";"LONDON BRANCH";"FPFL12";"2026-01-13";"2026-05-04";"2026-05-04";"36821.231688";"";"mxContractEventIUNWIND";"Unwind";"dead";"5493006QMFDDMYWIAM13101610039U901";"";"";"";"EQ SWAP";"124.39605300";"";"Equity:PortfolioSwap:PriceReturnBasicPerformance:SingleName";""
"Termination";"1044_13301_U644_SWAPONE_SWAPSWAPONEEQSWP";"1044_13301_U644_SWAPONE_SWAP";"BDSD";"LONDON BRANCH";"TZY1";"2025-12-15";"2026-08-05";"2026-08-05";"29390000";"";"mxContractEventIUNWIND";"Unwind";"dead";"5493006QMFDDMYWIAM13104413301U644";"";"";"";"EQ SWAP";"29.39000000";"";"Equity:PortfolioSwap:PriceReturnBasicPerformance:SingleName";""
"Termination";"1051_10081_U995_SWAPONE_SWAPSWAPONEEQSWP";"1051_10081_U995_SWAPONE_SWAP";"BDSD";"LONDON BRANCH";"SSAL13";"2026-02-19";"2026-11-03";"2026-11-03";"10238793.12";"";"mxContractEventIUNWIND";"Unwind";"dead";"5493006QMFDDMYWIAM13105110081U995";"";"";"";"EQ SWAP";"37.92145600";"";"Equity:PortfolioSwap:PriceReturnBasicPerformance:SingleName";""
"Decrease";"1071_10021_U935_SWAPONE_SWAPSWAPONEEQSWP";"1071_10021_U935_SWAPONE_SWAP";"BDSD";"LONDON BRANCH";"00Y7RD";"2026-04-23";"2027-02-02";"2027-02-02";"202400.0";"";"mxContractEventIRESTRUCTURE";"Restructure";"live";"5493006QMFDDMYWIAM13107110021U935";"";"5493006QMFDDMYWIAM131071_10021_U1219";"";"EQ SWAP";"18.40000000";"";"Equity:PortfolioSwap:PriceReturnBasicPerformance:SingleName";""
"Termination";"1051_10058_U1190_SWAPONE_SWAPSWAPONEEQSWP";"1051_10058_U1190_SWAPONE_SWAP";"BDSD";"LONDON BRANCH";"SSAL13";"2026-04-16";"2026-11-03";"2026-11-03";"1013447.025";"";"mxContractEventIUNWIND";"Unwind";"dead";"5493006QMFDDMYWIAM13105110058U1190";"";"";"";"EQ SWAP";"13.51262700";"";"Equity:PortfolioSwap:PriceReturnBasicPerformance:SingleName";""
"Termination";"1051_10055_U1000_SWAPONE_SWAPSWAPONEEQSWP";"1051_10055_U1000_SWAPONE_SWAP";"BDSD";"LONDON BRANCH";"0087I1";"2026-04-10";"2026-11-03";"2026-11-03";"2221676.0";"";"mxContractEventIUNWIND";"Unwind";"dead";"5493006QMFDDMYWIAM13105110055U1000";"";"5493006QMFDDMYWIAM131051_10055_U1147";"";"EQ SWAP";"44.43352000";"";"Equity:PortfolioSwap:PriceReturnBasicPerformance:SingleName";""
"Decrease";"1051_13501_U1019_SWAPONE_SWAPSWAPONEEQSWP";"1051_13501_U1019_SWAPONE_SWAP";"BDSD";"LONDON BRANCH";"SSAL13";"2026-02-24";"2026-11-03";"2026-11-03";"1490000.0";"";"mxContractEventIUNWIND";"Unwind";"dead";"5493006QMFDDMYWIAM13105113501U1019";"";"";"";"EQ SWAP";"14.90000000";"";"Equity:PortfolioSwap:PriceReturnBasicPerformance:SingleName";""
"Amendment";"1063_14918_U880_SWAPONE_SWAPSWAPONEEQSWP";"1063_14918_U880_SWAPONE_SWAP";"BDSD";"LONDON BRANCH";"00ZICD";"2026-04-09";"2026-11-13";"2026-11-13";"727187004.5286728";"";"mxContractEventIRESTRUCTURE";"Restructure";"live";"5493006QMFDDMYWIAM13106314918U880";"";"5493006QMFDDMYWIAM131063_14918_U1142";"";"EQ SWAP";"83.77747840";"";"Equity:PortfolioSwap:PriceReturnBasicPerformance:SingleName";""
"Termination";"1051_10011_U613_SWAPONE_SWAPSWAPONEEQSWP";"1051_10011_U613_SWAPONE_SWAP";"BDSD";"LONDON BRANCH";"00YRB9";"2026-03-12";"2026-11-03";"2026-11-03";"2724500.0";"";"mxContractEventIUNWIND";"Unwind";"dead";"5493006QMFDDMYWIAM13105110011U613";"";"5493006QMFDDMYWIAM131051_10011_U1063";"";"EQ SWAP";"54.49000000";"";"Equity:PortfolioSwap:PriceReturnBasicPerformance:SingleName";""
"Termination";"1016_10038_U307_SWAPONE_SWAPSWAPONEEQSWP";"1016_10038_U307_SWAPONE_SWAP";"BDSD";"LONDON BRANCH";"FPFL12";"2025-04-08";"2026-01-20";"2026-01-20";"1237.6";"";"mxContractEventIUNWIND";"Cancel";"dead";"5493006QMFDDMYWIAM13101610038U307";"";"";"";"EQ SWAP";"2.21000000";"";"Equity:PortfolioSwap:PriceReturnBasicPerformance:SingleName";""
"Termination";"1051_10027_U889_SWAPONE_SWAPSWAPONEEQSWP";"1051_10027_U889_SWAPONE_SWAP";"BDSD";"LONDON BRANCH";"SSAL13";"2026-01-23";"2026-11-03";"2026-11-03";"2676263.0148";"";"mxContractEventIUNWIND";"Unwind";"dead";"5493006QMFDDMYWIAM13105110027U889";"";"";"";"EQ SWAP";"37.32584400";"";"Equity:PortfolioSwap:PriceReturnBasicPerformance:SingleName";""
"Termination";"1051_10081_U862_SWAPONE_SWAPSWAPONEEQSWP";"1051_10081_U862_SWAPONE_SWAP";"BDSD";"LONDON BRANCH";"SSAL13";"2026-01-21";"2026-11-03";"2026-11-03";"21342460.144";"";"mxContractEventIUNWIND";"Unwind";"dead";"5493006QMFDDMYWIAM13105110081U862";"";"";"";"EQ SWAP";"33.03786400";"";"Equity:PortfolioSwap:PriceReturnBasicPerformance:SingleName";""
"Termination";"1016_10024_U302_SWAPONE_SWAPSWAPONEEQSWP";"1016_10024_U302_SWAPONE_SWAP";"BDSD";"LONDON BRANCH";"FPFL12";"2025-03-18";"2026-01-20";"2026-01-20";"0.0";"";"mxContractEventIUNWIND";"Unwind";"dead";"5493006QMFDDMYWIAM13101610024U302";"";"";"";"EQ SWAP";"0";"";"Equity:PortfolioSwap:PriceReturnBasicPerformance:SingleName";""
"Termination";"1016_15603_U437_SWAPONE_SWAPSWAPONEEQSWP";"1016_15603_U437_SWAPONE_SWAP";"BDSD";"LONDON BRANCH";"FPFL12";"2025-07-29";"2026-01-20";"2026-01-20";"1970053.718";"";"mxContractEventIUNWIND";"Unwind";"dead";"5493006QMFDDMYWIAM13101615603U437";"";"";"";"EQ SWAP";"75.19289000";"";"Equity:PortfolioSwap:PriceReturnBasicPerformance:SingleName";""
"Termination";"1051_10011_U673_SWAPONE_SWAPSWAPONEEQSWP";"1051_10011_U673_SWAPONE_SWAP";"BDSD";"LONDON BRANCH";"SSAL13";"2025-12-22";"2026-11-03";"2026-11-03";"1394523.0";"";"mxContractEventIUNWIND";"Unwind";"dead";"5493006QMFDDMYWIAM13105110011U673";"";"";"";"EQ SWAP";"39.73000000";"";"Equity:PortfolioSwap:PriceReturnBasicPerformance:SingleName";""
"Termination";"1030_11488_U421_SWAPONE_SWAPSWAPONEEQSWP";"1030_11488_U421_SWAPONE_SWAP";"BDSD";"LONDON BRANCH";"FFASL1";"2025-06-26";"2026-02-03";"2026-02-03";"83760.9993";"";"mxContractEventIUNWIND";"Unwind";"dead";"5493006QMFDDMYWIAM13103011488U421";"";"";"";"EQ SWAP";"25.38212100";"";"Equity:PortfolioSwap:PriceReturnBasicPerformance:SingleName";""
"Termination";"1030_10022_U370_SWAPONE_SWAPSWAPONEEQSWP";"1030_10022_U370_SWAPONE_SWAP";"BDSD";"LONDON BRANCH";"FFASL1";"2025-05-30";"2026-02-03";"2026-02-03";"106201.0004";"";"mxContractEventIUNWIND";"Unwind";"dead";"5493006QMFDDMYWIAM13103010022U370";"";"";"";"EQ SWAP";"48.27318200";"";"Equity:PortfolioSwap:PriceReturnBasicPerformance:SingleName";""
"Termination";"1044_10022_U587_SWAPONE_SWAPSWAPONEEQSWP";"1044_10022_U587_SWAPONE_SWAP";"BDSD";"LONDON BRANCH";"TZY1";"2025-11-21";"2026-08-05";"2026-08-05";"3495360.0";"";"mxContractEventIUNWIND";"Unwind";"dead";"5493006QMFDDMYWIAM13104410022U587";"";"";"";"EQ SWAP";"52.96000000";"";"Equity:PortfolioSwap:PriceReturnBasicPerformance:SingleName";""
"Termination";"1071_11488_U1212_SWAPONE_SWAPSWAPONEEQSWP";"1071_11488_U1212_SWAPONE_SWAP";"BDSD";"LONDON BRANCH";"FFASL1";"2026-04-23";"2027-02-02";"2027-02-02";"269841.9996";"";"mxContractEventIUNWIND";"Unwind";"dead";"5493006QMFDDMYWIAM13107111488U1212";"";"";"";"EQ SWAP";"26.45509800";"";"Equity:PortfolioSwap:PriceReturnBasicPerformance:SingleName";""
"Termination";"1051_10042_U823_SWAPONE_SWAPSWAPONEEQSWP";"1051_10042_U823_SWAPONE_SWAP";"BDSD";"LONDON BRANCH";"SSAL13";"2026-01-09";"2026-11-03";"2026-11-03";"138325.0";"";"mxContractEventIUNWIND";"Unwind";"dead";"5493006QMFDDMYWIAM13105110042U823";"";"";"";"EQ SWAP";"55.33000000";"";"Equity:PortfolioSwap:PriceReturnBasicPerformance:SingleName";""
"Termination";"1051_10042_U605_SWAPONE_SWAPSWAPONEEQSWP";"1051_10042_U605_SWAPONE_SWAP";"BDSD";"LONDON BRANCH";"00YRB9";"2025-12-05";"2026-11-03";"2026-11-03";"3206151.0";"";"mxContractEventIUNWIND";"Unwind";"dead";"5493006QMFDDMYWIAM13105110042U605";"";"5493006QMFDDMYWIAM131051_10042_U602";"";"EQ SWAP";"53.17000000";"";"Equity:PortfolioSwap:PriceReturnBasicPerformance:SingleName";""
"Termination";"1051_10058_U630_SWAPONE_SWAPSWAPONEEQSWP";"1051_10058_U630_SWAPONE_SWAP";"BDSD";"LONDON BRANCH";"0087I1";"2025-12-22";"2026-11-03";"2026-11-03";"2735956.0000082";"";"mxContractEventIUNWIND";"Unwind";"dead";"5493006QMFDDMYWIAM13105110058U630";"";"5493006QMFDDMYWIAM131051_10058_U671";"";"EQ SWAP";"11.04990307";"";"Equity:PortfolioSwap:PriceReturnBasicPerformance:SingleName";""
"Termination";"1030_10401_U787_SWAPONE_SWAPSWAPONEEQSWP";"1030_10401_U787_SWAPONE_SWAP";"BDSD";"LONDON BRANCH";"00Y7RD";"2026-01-30";"2027-01-05";"2027-01-05";"219702.0000015";"";"mxContractEventIUNWIND";"Unwind";"dead";"5493006QMFDDMYWIAM13103010401U787";"";"";"";"EQ SWAP";"14.64680000";"";"Equity:PortfolioSwap:PriceReturnBasicPerformance:SingleName";""
"Termination";"1030_10022_U354_SWAPONE_SWAPSWAPONEEQSWP";"1030_10022_U354_SWAPONE_SWAP";"BDSD";"LONDON BRANCH";"FFASL1";"2025-05-09";"2026-02-03";"2026-02-03";"119990.0";"";"mxContractEventIUNWIND";"Unwind";"dead";"5493006QMFDDMYWIAM13103010022U354";"";"";"";"EQ SWAP";"46.15000000";"";"Equity:PortfolioSwap:PriceReturnBasicPerformance:SingleName";""
"Termination";"1051_10311_U690_SWAPONE_SWAPSWAPONEEQSWP";"1051_10311_U690_SWAPONE_SWAP";"BDSD";"LONDON BRANCH";"SSAL13";"2025-12-26";"2026-11-03";"2026-11-03";"2401190.0";"";"mxContractEventIUNWIND";"Unwind";"dead";"5493006QMFDDMYWIAM13105110311U690";"";"";"";"EQ SWAP";"9.13000000";"";"Equity:PortfolioSwap:PriceReturnBasicPerformance:SingleName";""
"Termination";"1051_10015_U982_SWAPONE_SWAPSWAPONEEQSWP";"1051_10015_U982_SWAPONE_SWAP";"BDSD";"LONDON BRANCH";"SSAL13";"2026-02-12";"2026-11-03";"2026-11-03";"48780.0";"";"mxContractEventIUNWIND";"Unwind";"dead";"5493006QMFDDMYWIAM13105110015U982";"";"";"";"EQ SWAP";"48.78000000";"";"Equity:PortfolioSwap:PriceReturnBasicPerformance:SingleName";""
"Insert";"1051_10042_U892_SWAPONE_SWAPSWAPONEEQSWP";"1051_10042_U892_SWAPONE_SWAP";"BDSD";"LONDON BRANCH";"00YRB9";"2026-01-26";"2026-11-03";"2026-11-03";"58412.174";"";"Insert";"Insert";"live";"5493006QMFDDMYWIAM13105110042U892";"";"";"";"EQ SWAP";"52.38760000";"";"Equity:PortfolioSwap:PriceReturnBasicPerformance:SingleName";""
"";"1051_10401_U899_SWAPONE_SWAPSWAPONEEQSWP";"1051_10401_U899_SWAPONE_SWAP";"BDSD";"LONDON BRANCH";"0087I1";"2026-01-02";"2026-11-03";"2026-11-03";"285779.835625";"";"mxContractEventIUNWIND";"Unwind";"dead";"5493006QMFDDMYWIAM13105110401U899";"";"5493006QMFDDMYWIAM131051_10401_U799";"";"EQ SWAP";"14.74992700";"";"Equity:PortfolioSwap:PriceReturnBasicPerformance:SingleName";""
"Termination";"1070_11183_U1098_SWAPONE_SWAPSWAPONEEQSWP";"1070_11183_U1098_SWAPONE_SWAP";"BDSD";"LONDON BRANCH";"FPFL12";"2026-04-09";"2027-02-02";"2027-02-02";"520807.9898994";"";"mxContractEventIUNWIND";"Unwind";"dead";"5493006QMFDDMYWIAM13107011183U1098";"";"";"";"EQ SWAP";"12.40019024";"";"Equity:PortfolioSwap:PriceReturnBasicPerformance:SingleName";""
"Decrease";"1071_10303_U932_SWAPONE_SWAPSWAPONEEQSWP";"1071_10303_U932_SWAPONE_SWAP";"BDSD";"LONDON BRANCH";"00Y7RD";"2026-04-23";"2027-02-02";"2027-02-02";"62100.0";"";"mxContractEventIRESTRUCTURE";"Restructure";"live";"5493006QMFDDMYWIAM13107110303U932";"";"5493006QMFDDMYWIAM131071_10303_U1217";"";"EQ SWAP";"23.00000000";"";"Equity:PortfolioSwap:PriceReturnBasicPerformance:SingleName";""
"Termination";"1016_10773_U573_SWAPONE_SWAPSWAPONEEQSWP";"1016_10773_U573_SWAPONE_SWAP";"BDSD";"LONDON BRANCH";"FPFL12";"2025-11-14";"2026-01-20";"2026-01-20";"528123.04";"";"mxContractEventIUNWIND";"Unwind";"dead";"5493006QMFDDMYWIAM13101610773U573";"";"";"";"EQ SWAP";"6.60153800";"";"Equity:PortfolioSwap:PriceReturnBasicPerformance:SingleName";""
"Termination";"1016_15308_U817_SWAPONE_SWAPSWAPONEEQSWP";"1016_15308_U817_SWAPONE_SWAP";"BDSD";"LONDON BRANCH";"FPFL12";"2025-09-09";"2026-01-20";"2026-01-20";"1590000.0";"";"mxContractEventIUNWIND";"Unwind";"dead";"5493006QMFDDMYWIAM13101615308U817";"";"";"";"EQ SWAP";"15.90000000";"";"Equity:PortfolioSwap:PriceReturnBasicPerformance:SingleName";""
"Termination";"1071_10055_U1216_SWAPONE_SWAPSWAPONEEQSWP";"1071_10055_U1216_SWAPONE_SWAP";"BDSD";"LONDON BRANCH";"FFASL1";"2026-04-23";"2027-02-02";"2027-02-02";"11292.0";"";"mxContractEventIUNWIND";"Unwind";"dead";"5493006QMFDDMYWIAM13107110055U1216";"";"";"";"EQ SWAP";"37.64000000";"";"Equity:PortfolioSwap:PriceReturnBasicPerformance:SingleName";""
"Decrease";"1058_13407_U489_SWAPONE_SWAPSWAPONEEQSWP";"1058_13407_U489_SWAPONE_SWAP";"BDSD";"LONDON BRANCH";"00FLOO";"2025-09-10";"2025-10-02";"2025-10-02";"45500.0";"";"mxContractEventIUNWIND";"Unwind";"dead";"5493006QMFDDMYWIAM13105813407U489";"";"";"";"EQ SWAP";"9.10000000";"";"Equity:PortfolioSwap:PriceReturnBasicPerformance:SingleName";""
"Termination";"1051_11183_U1096_SWAPONE_SWAPSWAPONEEQSWP";"1051_11183_U1096_SWAPONE_SWAP";"BDSD";"LONDON BRANCH";"SSAL13";"2026-03-24";"2026-11-03";"2026-11-03";"1245846.0";"";"mxContractEventIUNWIND";"Unwind";"dead";"5493006QMFDDMYWIAM13105111183U1096";"";"";"";"EQ SWAP";"12.45846000";"";"Equity:PortfolioSwap:PriceReturnBasicPerformance:SingleName";""
"Termination";"1051_10081_U1091_SWAPONE_SWAPSWAPONEEQSWP";"1051_10081_U1091_SWAPONE_SWAP";"BDSD";"LONDON BRANCH";"SSAL13";"2026-03-20";"2026-11-03";"2026-11-03";"213327.001";"";"mxContractEventIUNWIND";"Unwind";"dead";"5493006QMFDDMYWIAM13105110081U1091";"";"";"";"EQ SWAP";"46.37543500";"";"Equity:PortfolioSwap:PriceReturnBasicPerformance:SingleName";""
"Termination";"1043_13501_U478_SWAPONE_SWAPSWAPONEEQSWP";"1043_13501_U478_SWAPONE_SWAP";"BDSD";"LONDON BRANCH";"00FLOO";"2025-09-30";"2026-07-13";"2026-07-13";"62732044";"";"mxContractEventIUNWIND";"Unwind";"dead";"5493006QMFDDMYWIAM13104313501U478";"";"";"";"EQ SWAP";"11.32000000";"";"Equity:PortfolioSwap:PriceReturnBasicPerformance:SingleName";""
"Decrease";"1071_10401_U937_SWAPONE_SWAPSWAPONEEQSWP";"1071_10401_U937_SWAPONE_SWAP";"BDSD";"LONDON BRANCH";"00Y7RD";"2026-04-23";"2027-02-02";"2027-02-02";"1088922.0";"";"mxContractEventIRESTRUCTURE";"Restructure";"live";"5493006QMFDDMYWIAM13107110401U937";"";"5493006QMFDDMYWIAM131071_10401_U1211";"";"EQ SWAP";"18.71000000";"";"Equity:PortfolioSwap:PriceReturnBasicPerformance:SingleName";""
"Termination";"1070_10927_U1079_SWAPONE_SWAPSWAPONEEQSWP";"1070_10927_U1079_SWAPONE_SWAP";"BDSD";"LONDON BRANCH";"FPFL12";"2026-03-18";"2027-02-02";"2027-02-02";"1774626.0";"";"mxContractEventIUNWIND";"Unwind";"dead";"5493006QMFDDMYWIAM13107010927U1079";"";"";"";"EQ SWAP";"11.83084000";"";"Equity:PortfolioSwap:PriceReturnBasicPerformance:SingleName";""
"Termination";"1016_10017_U377_SWAPONE_SWAPSWAPONEEQSWP";"1016_10017_U377_SWAPONE_SWAP";"BDSD";"LONDON BRANCH";"FPFL12";"2025-06-02";"2026-01-20";"2026-01-20";"130935.0016";"";"mxContractEventIUNWIND";"Unwind";"dead";"5493006QMFDDMYWIAM13101610017U377";"";"";"";"EQ SWAP";"40.91718800";"";"Equity:PortfolioSwap:PriceReturnBasicPerformance:SingleName";""
"Termination";"1074_15221_U1220_SWAPONE_SWAPSWAPONEEQSWP";"1074_15221_U1220_SWAPONE_SWAP";"BDSD";"LONDON BRANCH";"SSAL13";"2026-04-23";"2027-02-26";"2027-02-26";"2541569.05";"";"mxContractEventIUNWIND";"Unwind";"dead";"5493006QMFDDMYWIAM13107415221U1220";"";"";"";"EQ SWAP";"254.15690500";"";"Equity:PortfolioSwap:PriceReturnBasicPerformance:SingleName";""
"Termination";"1044_16207_U699_SWAPONE_SWAPSWAPONEEQSWP";"1044_16207_U699_SWAPONE_SWAP";"BDSD";"LONDON BRANCH";"00ZICG";"2026-01-05";"2026-08-05";"2026-08-05";"97.9998";"";"mxContractEventIUNWIND";"Unwind";"dead";"5493006QMFDDMYWIAM13104416207U699";"";"5493006QMFDDMYWIAM131044_16207_U801";"";"EQ SWAP";"48.99990000";"";"Equity:PortfolioSwap:PriceReturnBasicPerformance:SingleName";""
"Termination";"1030_11488_U422_SWAPONE_SWAPSWAPONEEQSWP";"1030_11488_U422_SWAPONE_SWAP";"BDSD";"LONDON BRANCH";"00Y7RD";"2026-01-30";"2027-01-05";"2027-01-05";"161040.0000036";"";"mxContractEventIUNWIND";"Unwind";"dead";"5493006QMFDDMYWIAM13103011488U422";"";"";"";"EQ SWAP";"26.84000000";"";"Equity:PortfolioSwap:PriceReturnBasicPerformance:SingleName";""
